date,begin_cash,buys_count,sells_count,fees,close_cash,close_value,reconstructed_account,frozen_account,absolute_diff,reconstructed_gross_return,frozen_return,return_abs_diff
2025-01-02,100000000.0,20,0,47491.9507945019369,4968606.4602016285,93483681.39175123,98452287.85195285,98452287.85195285,0E-8,-0.015002201972526472,-0.015002201972526472,0.0
2025-01-03,4968606.4602016285,2,2,20269.2655769315033,697726.9911954971,95936066.74095044,96633793.73214594,96633793.73214594,0E-8,-0.01826493719408589,-0.01826493719408589,0.0
2025-01-06,697726.9911954971,2,2,18573.461265872648,492729.50121799577,95915699.50742626,96408429.00864425,96408429.00864427,2E-8,-0.0021399476751270195,-0.002139947675126865,1.5439038936193583e-16
2025-01-07,492729.50121799577,2,2,18342.2947545328878,479495.6984384749,95913632.28399819,96393127.98243667,96393127.98243669,2E-8,3.154567062470269e-05,3.154567062470276e-05,6.776263578034403e-20
2025-01-08,479495.6984384749,2,2,17680.1899724784005,463302.16205743235,95399599.21671604,95862901.37877347,95862901.37877348,1E-8,-0.005317250559439427,-0.005317250559439426,8.673617379884035e-19
2025-01-09,463302.16205743235,2,2,18155.0869450448204,473503.6858129436,95249916.92803362,95723420.61384657,95723420.61384656,1E-8,-0.001265616586154311,-0.0012656165861546218,3.1073234263434557e-16
2025-01-10,473503.6858129436,2,2,18595.4453552907192,484667.7168907579,92598192.75701314,93082860.4739039,93082860.47390388,2E-8,-0.02739104680728588,-0.027391046807285883,3.469446951953614e-18
2025-01-13,484667.7168907579,2,2,17204.3635474979637,450364.023465774,93843621.18896341,94293985.21242918,94293985.2124292,2E-8,0.013196082456202027,0.013196082456202348,3.209238430557093e-16
2025-01-14,450364.023465774,2,2,22181.215501642138,573557.2638377948,98946877.72598672,99520434.98982452,99520434.98982452,0E-8,0.055662415593875456,0.05566241559387529,1.6653345369377348e-16
2025-01-15,573557.2638377948,2,2,19910.6516858344034,522099.76610825025,98048247.77615385,98570347.54226209,98570347.54226209,0E-8,-0.009346590938551445,-0.009346590938551445,0.0
2025-01-16,522099.76610825025,2,2,20602.210001635274,538997.0598919615,98336605.19412988,98875602.25402185,98875602.25402185,0E-8,0.003305831113374992,0.003305831113374993,8.673617379884035e-19
2025-01-17,538997.0598919615,2,2,21557.390949995185,561569.71265986,97451381.0775976,98012950.79025747,98012950.7902575,3E-8,-0.008506588618833692,-0.008506588618833391,3.0010716134398763e-16
2025-01-20,561569.71265986,2,2,18346.9049291048951,482292.80236882064,97951692.06812255,98433984.87049137,98433984.87049137,0E-8,0.004482887022790067,0.004482887022789761,3.0617869350990645e-16
2025-01-21,482292.80236882064,2,2,23387.9933427203734,605219.9860249003,96884597.86067285,97489817.84669775,97489817.84669773,2E-8,-0.009354279740501844,-0.009354279740501995,1.5092094240998222e-16
2025-01-22,605219.9860249003,2,2,20064.6325012608635,529976.2732313359,95732531.7530695,96262508.02630085,96262508.02630085,0E-8,-0.01238329514364286,-0.01238329514364271,1.5092094240998222e-16
2025-01-23,529976.2732313359,2,2,19362.9557269792124,507628.9611151973,94813025.23534344,95320654.19645864,95320654.19645865,1E-8,-0.009583075415645598,-0.009583075415645442,1.5612511283791264e-16
2025-01-24,507628.9611151973,2,2,18757.4185898400953,490843.52043249365,95628577.66106762,96119421.1815001,96119421.18150009,1E-8,0.00857657147365321,0.008576571473652896,3.139849491518021e-16
2025-01-27,490843.52043249365,2,2,19389.207394171284,505128.45394828264,94678197.04049715,95183325.49444544,95183325.49444544,0E-8,-0.009537161880422654,-0.009537161880422501,1.5265566588595902e-16
2025-02-05,505128.45394828264,2,2,16111.1373424206333,423924.7287316681,94984542.34434673,95408467.0730784,95408467.0730784,0E-7,0.0025346111277594527,0.002534611127759453,4.336808689942018e-19
2025-02-06,423924.7287316681,2,2,19468.941781612372,504709.0072731683,96949347.76471055,97454056.77198371,97454056.7719837,1E-8,0.021644395974889666,0.02164439597488951,1.5612511283791264e-16
2025-02-07,504709.0072731683,2,2,21086.4079116183263,550946.3980518412,98666573.86113578,99217520.25918762,99217520.25918761,1E-8,0.01831170455316084,0.01831170455316084,0.0
2025-02-10,550946.3980518412,2,2,20429.2799302673203,533893.4358123811,100126108.02854326,100660001.46435565,100660001.46435563,2E-8,0.014744477399522836,0.014744477399522837,1.734723475976807e-18
2025-02-11,533893.4358123811,2,2,19436.4923017757376,512561.71976425406,99635617.32393335,100148179.0436976,100148179.0436976,0E-7,-0.004891574818133032,-0.004891574818132885,1.465841337200402e-16
2025-02-12,512561.71976425406,2,2,21763.3031101039693,565454.8990841182,100596847.99054389,101162302.88962801,101162302.88962802,1E-8,0.010343544525043519,0.01034354452504367,1.5092094240998222e-16
2025-02-13,565454.8990841182,2,2,20505.5574431341166,537679.5408117594,99972773.27834043,100510452.81915219,100510452.81915219,0E-8,-0.006240906889214492,-0.00624090688921464,1.48318857196017e-16
2025-02-14,537679.5408117594,2,2,20995.007782622527,549212.735022259,100463198.95982951,101012411.69485177,101012411.69485177,0E-8,0.005202980076342406,0.005202980076342407,8.673617379884035e-19
2025-02-17,549212.735022259,2,2,22228.943978363978,579558.7399894986,100761088.76758902,101340647.50757852,101340647.50757852,0E-8,0.003469521723368346,0.003469521723368346,0.0
2025-02-18,579558.7399894986,2,2,19020.7497523458080,499325.9722492844,99308871.370713,99808197.34296228,99808197.34296228,0E-8,-0.014934080767055668,-0.014934080767055668,0.0
2025-02-19,499325.9722492844,2,2,19902.7145340084190,521013.8222535532,100497320.3227832,101018334.14503676,101018334.14503676,0E-8,0.0123240329888116,0.0123240329888116,0.0
2025-02-20,521013.8222535532,2,2,20970.3627075976592,548237.3187441844,100525636.5891075,101073873.90785168,101073873.90785167,1E-8,0.0007573885094231766,0.0007573885094230281,1.485356976305141e-16
2025-02-21,548237.3187441844,1,2,19206.590536090445,6042974.967647711,97375413.37322697,103418388.34087469,103418388.34087469,0E-8,0.02338607329638996,0.02338607329639011,1.491862189340054e-16
2025-02-24,6042974.967647711,3,2,24048.3183645696907,832137.3587157829,102594351.64039335,103426488.99910913,103426488.99910913,0E-8,0.0003108632528003774,0.00031086325280037735,5.421010862427522e-20
2025-02-25,832137.3587157829,2,2,20581.9074867687649,548920.262053987,102501153.84850512,103050074.1105591,103050074.11055912,2E-8,-0.0034404433961431717,-0.0034404433961430277,1.43982048506075e-16
2025-02-26,548920.262053987,2,2,22720.6717108487740,590321.9785138136,104722289.97568583,105312611.95419964,105312611.95419966,2E-8,0.022176194777886377,0.022176194777886373,3.469446951953614e-18
2025-02-27,590321.9785138136,2,2,22662.8392851312975,591188.4660817087,104420848.99777342,105012037.46385513,105012037.46385513,0E-8,-0.0026389208842359894,-0.002638920884236131,1.4137996329210978e-16
2025-02-28,591188.4660817087,2,2,20103.404223617142,527567.4145219168,102861952.42535324,103389519.83987516,103389519.83987516,0E-8,-0.015259338438299517,-0.015259338438299517,0.0
2025-03-03,527567.4145219168,2,2,20887.3599884452939,543708.3304903042,103614943.53161788,104158651.86210819,104158651.86210819,0E-8,0.007641194034414847,0.007641194034414847,0.0
2025-03-04,543708.3304903042,2,2,20476.2503827547406,536730.5364375319,104463051.66678236,104999782.20321989,104999782.20321989,0E-8,0.008272059748191717,0.008272059748191717,0.0
2025-03-05,536730.5364375319,2,2,20097.4205720041993,526356.3931372734,104360263.79229116,104886620.18542844,104886620.18542843,1E-8,-0.0008863313358053036,-0.0008863313358054447,1.4116312285761268e-16
2025-03-06,526356.3931372734,2,2,20396.3732711873753,531686.2979955599,106743180.36981656,107274866.66781211,107274866.66781211,0E-8,0.022964252746409695,0.02296425274640984,1.457167719820518e-16
2025-03-07,531686.2979955599,2,2,24530.1378594302187,635874.9606787264,106484723.28027199,107120598.24095072,107120598.24095072,0E-8,-0.0012094006082870137,-0.001209400608287013,6.505213034913027e-19
2025-03-10,635874.9606787264,2,2,21209.7053016074869,556801.8359669009,106988870.19681808,107545672.03278498,107545672.03278498,0E-8,0.0041661781624112,0.0041661781624112,0.0
2025-03-11,556801.8359669009,2,2,19755.5413031990896,517770.0865416061,107653286.74457102,108171056.83111262,108171056.83111265,3E-8,0.005998756876373135,0.0059987568763734105,2.7582103268031233e-16
2025-03-12,517770.0865416061,2,2,23505.9889509852434,609663.7458781041,107174982.67725573,107784646.42313384,107784646.42313382,2E-8,-0.003354912392086592,-0.0033549123920870046,4.124305064134859e-16
2025-03-13,609663.7458781041,2,2,19652.796314497930,516102.6913555898,106505378.15945497,107021480.85081056,107021480.85081056,0E-8,-0.006898132532623861,-0.006898132532623724,1.3704315460216776e-16
2025-03-14,516102.6913555898,2,2,20741.4036320340206,540644.0039679846,107737308.24150923,108277952.24547721,108277952.24547723,2E-8,0.011934172356287458,0.011934172356287598,1.4051260155412137e-16
2025-03-17,540644.0039679846,2,2,21063.0531162221566,554549.564004844,107926545.62840123,108481095.19240607,108481095.19240609,2E-8,0.00207065238486209,0.0020706523848620898,4.336808689942018e-19
2025-03-18,554549.564004844,2,2,22668.7631532604585,591647.9190961672,108921585.47570464,109513233.39480081,109513233.39480081,0E-8,0.009723417372189642,0.0097234173721895,1.4224732503009818e-16
2025-03-19,591647.9190961672,2,2,23749.9945211545893,618576.0558407726,108313418.84052722,108931994.896368,108931994.89636803,3E-8,-0.005090603999444395,-0.005090603999444122,2.732189474663471e-16
2025-03-20,618576.0558407726,2,2,22443.601766085200,587048.2765646912,109400522.95849903,109987571.23506372,109987571.2350637,2E-8,0.00989626547725831,0.009896265477257896,4.145989107584569e-16
2025-03-21,587048.2765646912,2,2,23923.9188356023406,622270.4551731078,108161695.34912975,108783965.80430286,108783965.80430286,0E-8,-0.010725589252298892,-0.010725589252298755,1.3704315460216776e-16
2025-03-24,622270.4551731078,2,2,22493.1064822196476,587684.9320338722,108010328.0676604,108598012.99969427,108598012.99969427,0E-8,-0.0015026083753962415,-0.0015026083753962415,0.0
2025-03-25,587684.9320338722,2,2,20968.5126118410784,547767.7949949149,109015545.42706774,109563313.22206266,109563313.22206266,0E-8,0.009081830392080995,0.009081830392080997,1.734723475976807e-18
2025-03-26,547767.7949949149,2,2,20898.9763718987666,544612.3421809608,109202119.4174314,109746731.75961237,109746731.75961235,2E-8,0.0018648351159981156,0.0018648351159979775,1.3812735677465326e-16
2025-03-27,544612.3421809608,2,2,24164.3106236946539,627087.6112070149,108804676.48903154,109431764.10023855,109431764.10023855,0E-8,-0.0026497677341963725,-0.002649767734196237,1.3530843112619095e-16
2025-03-28,627087.6112070149,2,2,22763.6929734064527,595029.1660479261,108161268.57541755,108756297.74146548,108756297.74146548,0E-8,-0.0059644717524775645,-0.005964471752477563,1.734723475976807e-18
2025-03-31,595029.1660479261,2,2,22335.4916263635432,583641.0006697141,107835166.30458827,108418807.30525799,108418807.30525799,0E-8,-0.0028978086890223886,-0.002897808689022389,4.336808689942018e-19
2025-04-01,583641.0006697141,2,2,22200.7119810841784,578899.1460418012,107810530.6145488,108389429.7605906,108389429.7605906,0E-7,-6.619545874639716e-05,-6.6195458746397e-05,1.6263032587282567e-19
2025-04-02,578899.1460418012,2,2,21098.3943283888585,551736.8031117003,107748853.65050663,108300590.45361833,108300590.45361835,2E-8,-0.0006249771107155171,-0.0006249771107153797,1.3747683547116196e-16
2025-04-03,551736.8031117003,2,2,19658.6298303462925,516817.5059533529,108262459.65569536,108779277.16164872,108779277.1616487,2E-8,0.00460150157790838,0.004601501577908104,2.7582103268031233e-16
2025-04-07,516817.5059533529,2,2,19422.7292803026453,506752.77845509443,99335399.75946945,99842152.53792454,99842152.53792457,3E-8,-0.08197978628955171,-0.08197978628955131,4.0245584642661925e-16
2025-04-08,506752.77845509443,2,2,18327.7536916349185,483639.3592151934,101421065.18569499,101904704.54491019,101904704.54491019,0E-8,0.02084169569448007,0.020841695694479766,3.0531133177191805e-16
2025-04-09,483639.3592151934,2,2,20025.5587901406412,520813.4785651807,102234855.61623685,102755669.09480204,102755669.09480204,0E-8,0.008547104008315268,0.008547104008315267,1.734723475976807e-18
2025-04-10,520813.4785651807,2,2,21312.6553689252686,556008.4204009976,104568687.51604027,105124695.93644126,105124695.93644129,3E-8,0.023262361269847084,0.023262361269847372,2.8796409701215e-16
2025-04-11,556008.4204009976,2,2,19037.2686732771510,502805.8084457312,105372788.87320048,105875594.68164621,105875594.6816462,1E-8,0.007324026072272669,0.00732402607227224,4.2847669856627135e-16
2025-04-14,502805.8084457312,2,2,21022.2339871190002,547166.692237691,106729420.48580581,107276587.1780435,107276587.1780435,0E-7,0.01343099639402465,0.01343099639402479,1.4051260155412137e-16
2025-04-15,547166.692237691,2,2,22380.987755315747,582130.9559252998,106525587.00187981,107107717.95780511,107107717.95780514,3E-8,-0.0013655191345708082,-0.0013655191345705296,2.7863995832877464e-16
2025-04-16,582130.9559252998,2,2,21470.1607402037911,563002.6504959706,105025652.77492131,105588655.42541729,105588655.4254173,1E-8,-0.01398211445637926,-0.013982114456379393,1.3357370765021415e-16
2025-04-17,563002.6504959706,2,2,22058.999096311372,575557.7606785335,104691347.79265203,105266905.55333056,105266905.55333059,3E-8,-0.002838286668041808,-0.002838286668041666,1.4181364416110398e-16
2025-04-18,575557.7606785335,2,2,21541.5630334591465,563945.0460651377,104876218.40346132,105440163.44952646,105440163.44952644,2E-8,0.0018505289787460583,0.0018505289787456363,4.2197148553135833e-16
2025-04-21,563945.0460651377,2,2,21545.3696437647972,564710.1882167542,107514220.58914594,108078930.7773627,108078930.77736269,1E-8,0.025230544134669183,0.025230544134669186,3.469446951953614e-18
2025-04-22,564710.1882167542,2,2,21594.2964358173661,564351.1930400571,106716920.56620641,107281271.75924647,107281271.75924645,2E-8,-0.0071805366327973175,-0.007180536632797318,8.673617379884035e-19
2025-04-23,564351.1930400571,2,2,22101.175122807486,576027.1785175689,109090504.54540494,109666531.7239225,109666531.72392252,2E-8,0.022439714782662955,0.02243971478266324,2.8449465006019636e-16
2025-04-24,576027.1785175689,2,2,22691.6301913451963,599429.2512164824,106277475.29554917,106876904.54676566,106876904.54676566,0E-8,-0.02523044636745752,-0.02523044636745765,1.3183898417423734e-16
2025-04-25,599429.2512164824,2,2,20512.4845785598268,538471.6675690552,107657229.95627026,108195701.62383932,108195701.62383932,0E-8,0.012531328141770682,0.012531328141770682,0.0
2025-04-28,538471.6675690552,2,1,11293.5786208564206,303646.1986793759,107561964.6679546,107865610.86663397,107865610.86663398,1E-8,-0.0029464865405914938,-0.0029464865405913563,1.3747683547116196e-16
2025-04-29,303646.1986793759,1,1,10456.5497413605092,273390.7725834418,106876206.03565879,107149596.80824223,107149596.80824225,2E-8,-0.0065410792464962,-0.006541079246496201,8.673617379884035e-19
2025-04-30,273390.7725834418,1,1,9927.7592314488037,261569.47866856214,109398326.87126422,109659896.34993277,109659896.34993279,2E-8,0.023520641943546066,0.023520641943546066,0.0
2025-05-06,261569.47866856214,0,2,18486.149224470955,12567182.812424727,100388726.90473062,112955909.71715534,112955909.71715534,0E-8,0.030225265815227675,0.030225265815227536,1.3877787807814457e-16
2025-05-07,12567182.812424727,3,2,16548.2918033070384,887792.3439668277,111264068.74684194,112151861.09080876,112151861.09080875,1E-8,-0.006971749743020869,-0.006971749743021,1.3097162243624894e-16
2025-05-08,887792.3439668277,2,2,22093.8028033302552,587491.8230403634,114649386.23664567,115236878.05968603,115236878.05968605,2E-8,0.027704495863557627,0.027704495863557894,2.671474153004283e-16
2025-05-09,587491.8230403634,2,2,26048.646993370403,675758.9663914545,114019389.77431907,114695148.74071053,114695148.74071053,0E-8,-0.0044749621880162795,-0.004474962188016407,1.2750217548429532e-16
2025-05-12,675758.9663914545,2,2,26501.323559986400,690095.954843374,116012069.62600084,116702165.58084421,116702165.58084421,0E-8,0.017729766132400335,0.017729766132400335,0.0
2025-05-13,690095.954843374,2,2,24733.853721221021,645933.3573291171,116748131.50144656,117394064.85877568,117394064.85877565,3E-8,0.006140701229372197,0.006140701229371939,2.5760643618255585e-16
2025-05-14,645933.3573291171,2,2,24527.835123134773,647375.1666382588,117457244.38037619,118104619.54701445,118104619.54701443,2E-8,0.0062616668418987295,0.006261666841898859,1.2923689896027213e-16
2025-05-15,647375.1666382588,2,2,23130.9645725398024,604971.0929441601,116887630.31577255,117492601.40871671,117492601.40871671,0E-8,-0.004986148518016062,-0.004986148518015936,1.2576745200831851e-16
2025-05-16,604971.0929441601,2,2,17478.2196920572258,461345.3189759152,117056860.57953098,117518205.8985069,117518205.8985069,0E-7,0.0003666844462177959,0.000366684446217794,1.8973538018496328e-18
2025-05-19,461345.3189759152,2,2,23351.229725541204,602871.5764717208,118124952.34399001,118727823.92046173,118727823.92046173,0E-8,0.010491729704801774,0.01049172970480177,3.469446951953614e-18
2025-05-20,602871.5764717208,2,2,21811.2299130133295,569856.0828754632,118340757.18003674,118910613.2629122,118910613.26291221,1E-8,0.0017232740027354437,0.001723274002735569,1.2533377113932431e-16
2025-05-21,569856.0828754632,2,2,23443.6070445066769,609946.2808722258,118963076.3327017,119573022.61357392,119573022.61357394,2E-8,0.005767802712360131,0.005767802712360131,0.0
2025-05-22,609946.2808722258,2,2,22843.9025553799723,596373.4811965721,119485109.11270936,120081482.59390593,120081482.5939059,3E-8,0.004443342413484063,0.004443342413483687,3.7643499428696714e-16
2025-05-23,596373.4811965721,2,2,26191.141271460135,679948.7206035126,118039282.40251152,118719231.12311503,118719231.12311502,1E-8,-0.011126281093961419,-0.011126281093961295,1.231653667943533e-16
2025-05-26,679948.7206035126,2,2,22549.782233630461,591716.9940602621,117904802.84525642,118496519.83931668,118496519.83931668,0E-8,-0.001686007394683584,-0.001686007394683458,1.2598429244281562e-16
2025-05-27,591716.9940602621,2,2,22319.0342384187043,582676.3838445786,118532305.59883177,119114981.98267636,119114981.98267634,2E-8,0.005407594910525684,0.005407594910525558,1.2663481374630692e-16
2025-05-28,582676.3838445786,2,2,23415.2405663531146,610367.3358121263,119040384.54728818,119650751.8831003,119650751.88310029,1E-8,0.00469449880848425,0.004694498808484253,2.6020852139652106e-18
2025-05-29,610367.3358121263,2,2,23620.8093954024303,615151.6170337321,119155003.50127137,119770155.1183051,119770155.11830509,1E-8,0.0011953459744234536,0.0011953459744234536,0.0
2025-05-30,615151.6170337321,2,2,23452.8305307186520,611227.2438681703,120040361.69099765,120651588.93486582,120651588.93486582,0E-8,0.007555193079591625,0.00755519307959175,1.249000902703301e-16
2025-06-03,611227.2438681703,2,2,25180.4082748915299,654185.302478699,121054271.18360378,121708456.48608248,121708456.48608246,2E-8,0.008968368912867786,0.00896836891286766,1.249000902703301e-16
2025-06-04,654185.302478699,2,2,23400.0742201368310,610815.6603773478,121927721.51740915,122538537.1777865,122538537.17778648,2E-8,0.007012501765000638,0.007012501765000638,0.0
2025-06-05,610815.6603773478,2,2,21955.1180288079825,573707.0720188916,120748385.6179965,121322092.69001539,121322092.69001539,0E-8,-0.009747867056787709,-0.009747867056787587,1.214306433183765e-16
2025-06-06,573707.0720188916,2,2,19589.0131263481195,512987.63936492894,121489802.67535195,122002790.31471688,122002790.31471688,0E-8,0.005772127914221724,0.005772127914221724,0.0
2025-06-09,512987.63936492894,2,2,21259.134605349540,552417.998720686,121360049.463221,121912467.46194169,121912467.4619417,1E-8,-0.000566083103441166,-0.0005660831034410441,1.218643241873707e-16
2025-06-10,552417.998720686,2,2,22258.3372032662418,581775.9682110744,121069715.81798005,121651491.78619112,121651491.7861911,2E-8,-0.0019581043966797277,-0.0019581043966799693,2.415602440297704e-16
2025-06-11,581775.9682110744,2,2,22831.1251745027226,594129.5973021267,121169329.31969626,121763458.91699839,121763458.9169984,1E-8,0.0011080690750482811,0.0011080690750485233,2.422107653332617e-16
2025-06-12,594129.5973021267,2,2,22272.043398076686,582193.275421151,122074113.02064507,122656306.29606622,122656306.29606621,1E-8,0.007515550482922119,0.007515550482921877,2.419939248987646e-16
2025-06-13,582193.275421151,2,2,28002.8158136503175,724975.6036775224,120490328.39986962,121215304.00354715,121215304.00354718,3E-8,-0.011519990446269817,-0.011519990446269454,3.625572064791527e-16
2025-06-16,724975.6036775224,2,2,21463.4629767269435,566138.9881451856,120723362.82177837,121289501.80992356,121289501.80992356,0E-8,0.0007891847497271474,0.0007891847497269033,2.4405390902648705e-16
2025-06-17,566138.9881451856,2,2,24528.311444141713,636383.242168339,121344650.0268624,121981033.26903073,121981033.26903073,0E-8,0.005903724228940078,0.0059037242289400795,1.734723475976807e-18
2025-06-18,636383.242168339,2,2,22008.5451502345895,575528.7774129324,121406687.60098778,121982216.37840071,121982216.37840071,0E-8,0.00019012508665231098,0.00019012508665230913,1.8431436932253575e-18
2025-06-19,575528.7774129324,2,2,22017.067055806789,593541.2486260496,120500921.17681216,121094462.42543821,121094462.4254382,1E-8,-0.007097238528779441,-0.0070972385287795614,1.205632815803881e-16
2025-06-20,593541.2486260496,2,2,23336.738486226457,607399.8993668417,120816985.01705271,121424384.91641955,121424384.91641954,1E-8,0.0029172203451093403,0.002917220345109338,2.168404344971009e-18
2025-06-23,607399.8993668417,2,2,23513.2874188674354,612757.8522537118,120685007.02138935,121297764.87364306,121297764.87364306,0E-8,-0.00084914373194972,-0.000849143731949601,1.1904539853890839e-16
2025-06-24,612757.8522537118,2,2,24660.9266695820366,643063.3813993894,120937882.32644626,121580945.70784566,121580945.70784566,0E-8,0.002537901347092966,0.0025379013470929676,1.734723475976807e-18
2025-06-25,643063.3813993894,2,2,29523.751849697774,765267.2654781537,120961037.91963726,121726305.18511541,121726305.1851154,1E-8,0.0014384098437570084,0.001438409843756887,1.214306433183765e-16
2025-06-26,765267.2654781537,2,2,24393.981704064515,640494.1770275533,121166851.1879642,121807345.36499175,121807345.36499175,0E-8,0.0008661575771980248,0.0008661575771981484,1.235990476633475e-16
2025-06-27,640494.1770275533,2,2,22145.2917996735268,579982.9062843267,120124329.80789107,120704312.7141754,120704312.71417537,3E-8,-0.008873745304750167,-0.008873745304750413,2.463307335887066e-16
2025-06-30,579982.9062843267,2,2,22198.8317532936327,578891.3653698871,120327389.80102897,120906281.16639885,120906281.16639885,0E-8,0.0018571605184279185,0.0018571605184281648,2.463307335887066e-16
2025-07-01,578891.3653698871,2,2,23703.9265533244008,617244.7661354486,121121786.00109428,121739030.76722974,121739030.76722974,0E-8,0.007083614838880883,0.007083614838880887,3.469446951953614e-18
2025-07-02,617244.7661354486,2,2,23860.5859153946193,623271.8818372656,121124286.35161684,121747558.23345411,121747558.2334541,1E-8,0.00026604493181561756,0.00026604493181549494,1.2262326570811055e-16
2025-07-03,623271.8818372656,2,2,22128.382232676218,578183.080585232,121909435.56354351,122487618.64412874,122487618.64412874,0E-8,0.0062604031158127295,0.006260403115812853,1.231653667943533e-16
2025-07-04,578183.080585232,2,2,26784.2024328641887,698491.161376087,122063857.17151907,122762348.33289516,122762348.33289517,1E-8,0.0024615866855513947,0.002461586685551514,1.192622389734055e-16
2025-07-07,698491.161376087,2,2,24775.2296411114460,647192.5832734704,122644333.2934515,123291525.87672497,123291525.87672497,0E-8,0.0045123996159536555,0.004512399615953535,1.205632815803881e-16
2025-07-08,647192.5832734704,2,2,24162.9409871118403,631027.4753092211,122893005.35777223,123524032.83308145,123524032.83308145,0E-8,0.0020818129674234714,0.002081812967423469,2.168404344971009e-18
2025-07-09,631027.4753092211,2,2,24164.8580140507989,630544.1658208976,123459617.16750029,124090161.33332118,124090161.33332117,1E-8,0.004778773366729748,0.0047787733667296285,1.196959198423997e-16
2025-07-10,630544.1658208976,2,2,24512.9958100547703,638033.0934552085,124384614.2825697,125022647.37602492,125022647.3760249,2E-8,0.007712126636238085,0.007712126636238085,0.0
2025-07-11,638033.0934552085,2,2,23764.9903012346057,619530.0180340363,124041142.66478923,124660672.68282327,124660672.68282326,1E-8,-0.002705187500015047,-0.0027051875000150467,4.336808689942018e-19
2025-07-14,619530.0180340363,2,2,24306.726569366031,632712.9647071846,124252106.54375452,124884819.5084617,124884819.50846171,1E-8,0.0019930387576195733,0.0019930387576198136,2.402592014227878e-16
2025-07-15,632712.9647071846,2,2,24596.6481766094641,640853.0278764814,122728168.56160957,123369021.58948605,123369021.58948605,0E-8,-0.011940612771578726,-0.011940612771578839,1.1275702593849246e-16
2025-07-16,640853.0278764814,2,2,23624.0316152625753,616043.8246261505,122645201.75743036,123261245.58205651,123261245.58205648,3E-8,-0.0006821159374538585,-0.0006821159374541016,2.430781270712501e-16
2025-07-17,616043.8246261505,2,2,23952.4745578656646,625783.4092555456,122525017.94851354,123150801.35776909,123150801.35776907,2E-8,-0.0007016945944455529,-0.0007016945944454343,1.1861171766991419e-16
2025-07-18,625783.4092555456,2,2,23055.8445664515899,601790.7579175644,123114314.23806655,123716104.99598412,123716104.9959841,2E-8,0.004777553018694747,0.004777553018694749,2.6020852139652106e-18
2025-07-21,601790.7579175644,2,2,24273.0824450813733,631732.4021003507,125121577.14332004,125753309.5454204,125753309.5454204,0E-7,0.0166629690770516,0.016662969077051722,1.214306433183765e-16
2025-07-22,631732.4021003507,1,2,21612.3216570936965,6805897.68694656,120468025.09552263,127273922.78246918,127273922.7824692,2E-8,0.012263896387942399,0.012263896387942518,1.196959198423997e-16
2025-07-23,6805897.68694656,3,2,29483.6951538762101,996317.1083798911,126734915.50868617,127731232.61706606,127731232.61706606,0E-8,0.003824770378003937,0.003824770378003823,1.1405806854547507e-16
2025-07-24,996317.1083798911,2,2,26262.5524000890517,695622.640816668,128100857.50474273,128796480.1455594,128796480.1455594,0E-7,0.008545365597196925,0.008545365597196927,1.734723475976807e-18
2025-07-25,695622.640816668,2,2,25650.6257144402822,669936.9413676634,127744700.86511984,128414637.8064875,128414637.8064875,0E-7,-0.0027655391898513773,-0.0027655391898513803,3.0357660829594124e-18
2025-07-28,669936.9413676634,2,2,25260.4635120030415,658222.3491652943,127734430.20893602,128392652.55810131,128392652.55810131,0E-8,2.5504998353452776e-05,2.5504998353452122e-05,6.539094352803199e-19
2025-07-29,658222.3491652943,2,2,25465.2542476857796,664096.4982192563,127986508.4070811,128650604.90530035,128650604.90530035,0E-8,0.0022074285077837217,0.002207428507783719,2.6020852139652106e-18
2025-07-30,664096.4982192563,2,2,25414.2754673352179,664522.1627085442,128369304.8141022,129033826.97681075,129033826.97681075,0E-8,0.0031763266661554886,0.0031763266661554886,0.0
2025-07-31,664522.1627085442,2,2,26843.2215689956467,704381.5230786,126071054.44410439,126775435.967183,126775435.96718301,1E-8,-0.017294285075027692,-0.017294285075027577,1.1449174941446927e-16
2025-08-01,704381.5230786,2,2,25322.796875587405,663541.8999153096,126710042.51080592,127373584.41072123,127373584.41072123,0E-8,0.004917918330607929,0.004917918330607813,1.1622647289044608e-16
2025-08-04,663541.8999153096,2,2,25412.8345755685627,664875.0592724141,127620102.07924686,128284977.13851927,128284977.13851927,0E-8,0.0073547868398901785,0.007354786839890176,2.6020852139652106e-18
2025-08-05,664875.0592724141,2,2,25045.5164124118275,653725.7207298037,128337363.53297481,128991089.25370461,128991089.2537046,1E-8,0.005699479766896317,0.0056994797668962005,1.1622647289044608e-16
2025-08-06,653725.7207298037,2,2,25272.152762284940,658198.7362677539,129744541.37667823,130402740.11294599,130402740.11294597,2E-8,0.011139707559004104,0.011139707559004102,1.734723475976807e-18
2025-08-07,658198.7362677539,2,2,27864.0392040366057,725763.9626658112,129426291.77521199,130152055.7378778,130152055.73787779,1E-8,-0.0017087090015988871,-0.0017087090015988893,2.168404344971009e-18
2025-08-08,725763.9626658112,2,2,26380.7333221493046,690288.2577095283,129519783.43517108,130210071.69288062,130210071.6928806,2E-8,0.0006484468327948361,0.0006484468327948349,1.1926223897340549e-18
2025-08-11,690288.2577095283,2,2,24797.1943373206696,654311.0696493331,130499562.96020694,131153874.02985628,131153874.02985628,0E-8,0.007438745088763697,0.007438745088763815,1.1796119636642288e-16
2025-08-12,654311.0696493331,2,2,26332.9842998756307,685539.2878680844,131678880.93315655,132364420.22102463,132364420.22102463,0E-8,0.009430748307035608,0.00943074830703561,1.734723475976807e-18
2025-08-13,685539.2878680844,2,2,26984.3174127738659,702970.7503300644,132512876.92505108,133215847.67538114,133215847.67538112,2E-8,0.006636313371089388,0.006636313371089277,1.1102230246251565e-16
2025-08-14,702970.7503300644,2,2,24669.0821890573459,646540.7409555055,130273026.09626825,130919566.83722375,130919566.83722374,1E-8,-0.017052113510576953,-0.01705211351057696,6.938893903907228e-18
2025-08-15,646540.7409555055,2,2,25820.5687163046906,673641.2022583038,131725829.37182793,132399470.57408623,132399470.57408625,2E-8,0.011501140295177554,0.011501140295177785,2.3071822230491534e-16
2025-08-18,673641.2022583038,2,2,25570.6889069720570,666376.9385286756,133207229.09709433,133873606.035623,133873606.035623,0.000000,0.01132713102205762,0.011327131022057508,1.1275702593849246e-16
2025-08-19,666376.9385286756,2,2,28103.893546836290,732571.3703958681,133262445.8529739,133995017.22336976,133995017.22336973,3E-8,0.0011168376330567685,0.0011168376330565437,2.248635305734936e-16
2025-08-20,732571.3703958681,2,2,27196.5810661809574,712345.1453571226,134698315.41018835,135410660.55554548,135410660.55554548,0E-8,0.010767862441009152,0.010767862441009376,2.237793284010081e-16
2025-08-21,712345.1453571226,1,2,26786.490594715206,8402738.348437931,126909012.83095545,135311751.17939338,135311751.17939338,0E-8,-0.0005326233936197228,-0.0005326233936197252,2.3852447794681098e-18
2025-08-22,8402738.348437931,2,2,26661.2735455558782,7913370.737867362,127200645.76874769,135114016.50661504,135114016.50661504,0E-8,-0.001264290778455575,-0.0012642907784555758,8.673617379884035e-19
2025-08-25,7913370.737867362,3,2,30025.4797930614989,1054136.474610595,134207439.94972844,135261576.42433903,135261576.42433906,3E-8,0.0013143373434417193,0.0013143373434419399,2.205267218835516e-16
2025-08-26,1054136.474610595,2,2,25821.4162266630488,688712.0191189069,136065518.85273176,136754230.87185067,136754230.87185067,0E-8,0.01122621740689007,0.011226217406889845,2.255140518769849e-16
2025-08-27,688712.0191189069,2,2,28077.8533276242692,729779.32060216,134434437.2542823,135164216.57488444,135164216.57488444,0E-8,-0.011421485344042163,-0.011421485344042165,1.734723475976807e-18
2025-08-28,729779.32060216,2,2,27858.788036031622,726065.660785242,134486549.2010993,135212614.86188453,135212614.86188456,3E-8,0.000564180942031156,0.0005641809420313768,2.207435623180487e-16
2025-08-29,726065.660785242,2,2,28173.8049851419567,735576.0843958342,134583014.75174388,135318590.8361397,135318590.83613974,4E-8,0.0009921395232045929,0.0009921395232045918,1.0842021724855044e-18
2025-09-01,735576.0843958342,2,2,28551.6125144705607,748646.2630603584,134938424.385885,135687070.64894536,135687070.64894536,0E-8,0.0029340493635563896,0.0029340493635561663,2.233456475320139e-16
2025-09-02,748646.2630603584,2,2,27101.3189152722250,708925.608638566,132330274.21190026,133039199.82053883,133039199.82053883,0E-8,-0.01931480646576716,-0.019314806465767165,3.469446951953614e-18
2025-09-03,708925.608638566,2,2,25230.7726157720505,658991.498289655,129959733.69822657,130618725.19651623,130618725.19651622,1E-8,-0.018004045834895715,-0.01800404583489583,1.1449174941446927e-16
2025-09-04,658991.498289655,2,2,25030.2334228513993,663789.5024948595,129912619.45476678,130576408.95726164,130576408.95726164,0E-8,-0.00013233941615748893,-0.00013233941615737292,1.1600963245594897e-16
2025-09-05,663789.5024948595,2,2,27044.3778111544212,708158.0032865396,131461383.16808677,132169541.17137331,132169541.1713733,1E-8,0.012407881368931794,0.01240788136893168,1.1449174941446927e-16
2025-09-08,708158.0032865396,2,2,25288.7005154535006,661264.3752706181,133928162.08309579,134589426.4583664,134589426.4583664,0E-7,0.01850028354368035,0.018500283543680465,1.1449174941446927e-16
2025-09-09,661264.3752706181,2,2,28253.4475208183729,742351.3199189221,133435892.94322938,134178244.2631483,134178244.2631483,0E-7,-0.0028451621927056588,-0.002845162192705661,2.168404344971009e-18
2025-09-10,742351.3199189221,2,2,26804.5225807379029,702828.4494453818,132904045.52880931,133606873.97825469,133606873.9782547,1E-8,-0.004058525026194785,-0.004058525026194673,1.1275702593849246e-16
2025-09-11,702828.4494453818,2,2,27370.1482047201597,714623.7162754657,134011598.40299809,134726222.11927354,134726222.11927354,0E-8,0.00858277912714437,0.00858277912714426,1.0928757898653885e-16
2025-09-12,714623.7162754657,2,2,27616.3794181590032,722084.3112668823,133264927.91711116,133987012.22837804,133987012.22837806,2E-8,-0.005281774403555722,-0.005281774403555612,1.1015494072452725e-16
2025-09-15,722084.3112668823,2,2,27798.0194199573685,724359.437833582,133182096.58333297,133906456.02116655,133906456.02116656,1E-8,-0.0003937559836143809,-0.00039375598361438046,4.336808689942018e-19
2025-09-16,724359.437833582,2,2,25693.3873188427214,675388.2226765994,132922274.99836466,133597663.22104126,133597663.22104128,2E-8,-0.0021141580564397423,-0.0021141580564397427,4.336808689942018e-19
2025-09-17,675388.2226765994,2,2,26521.294479260664,691767.3280418124,133507600.77717006,134199368.10521187,134199368.10521187,0E-8,0.004702374004928879,0.0047023740049287705,1.0842021724855044e-16
2025-09-18,691767.3280418124,2,2,27044.8345798383306,703782.4154475201,131567272.69871068,132271055.1141582,132271055.1141582,0E-7,-0.014167489633656428,-0.014167489633656431,3.469446951953614e-18
2025-09-19,703782.4154475201,2,2,27856.073356912125,725353.3624516139,131365128.10301465,132090481.46546626,132090481.46546628,2E-8,-0.0011545804575552859,-0.0011545804575551705,1.1535911115245767e-16
2025-09-22,725353.3624516139,2,2,25370.5492405325502,663682.5925152274,130991261.45280582,131654944.04532105,131654944.04532106,1E-8,-0.0031051962742062915,-0.0031051962742062894,2.168404344971009e-18
2025-09-23,663682.5925152274,2,2,24762.4985999894168,647572.6972234286,130682151.69034055,131329724.38756397,131329724.38756396,1E-8,-0.002282156293755702,-0.002282156293755929,2.2681509448396753e-16
2025-09-24,647572.6972234286,2,2,25691.2150248248124,670478.682226209,131643464.96825476,132313943.65048097,132313943.65048099,2E-8,0.007689885002434784,0.007689885002435011,2.2724877535296173e-16
2025-09-25,670478.682226209,2,2,26049.9822498033619,679436.3350493349,131037623.59001356,131717059.9250629,131717059.92506291,1E-8,-0.004314237240756579,-0.004314237240756579,0.0
2025-09-26,679436.3350493349,2,2,28036.349222256017,732012.5946202725,130486324.1614609,131218336.75608118,131218336.75608118,0E-8,-0.0035734689191153027,-0.003573468919115413,1.1015494072452725e-16
2025-09-29,732012.5946202725,2,2,27101.8816546897410,711466.4911625385,131734891.38704212,132446357.87820466,132446357.87820467,1E-8,0.00956514946620067,0.009565149466200781,1.1102230246251565e-16
2025-09-30,711466.4911625385,2,2,26801.4515827134473,699085.1449625306,131797651.59434286,132496736.73930539,132496736.73930538,1E-8,0.0005827288414712044,0.0005827288414709834,2.209604027525458e-16
2025-10-09,699085.1449625306,2,2,25644.3991736010101,672037.5586661426,132438361.46648982,133110399.02515596,133110399.02515598,2E-8,0.004825074947181844,0.004825074947182066,2.220446049250313e-16
2025-10-10,672037.5586661426,2,2,25646.2859001372965,669509.403700226,134772732.66284156,135442242.0665418,135442242.0665418,0E-7,0.017710782512495023,0.01771078251249491,1.1449174941446927e-16
2025-10-13,669509.403700226,2,2,27703.948821627658,719624.9086686447,134703992.93516007,135423617.8438287,135423617.8438287,0E-7,6.703762408247662e-05,6.703762408248258e-05,5.9631119486702744e-18
2025-10-14,719624.9086686447,2,2,29073.4649568293735,756386.066588521,135255338.68961912,136011724.75620764,136011724.75620764,0E-8,0.00455740576985251,0.00455740576985251,0.0
2025-10-15,756386.066588521,2,2,27147.3706550697026,709799.5780927083,136295715.93054143,137005515.50863412,137005515.50863412,0E-8,0.007506250839120756,0.007506250839120759,2.6020852139652106e-18
2025-10-16,709799.5780927083,2,2,25850.602063100123,674781.777998413,135834756.91803983,136509538.69603825,136509538.69603825,0E-8,-0.003431440032085033,-0.0034314400320850347,1.734723475976807e-18
2025-10-17,674781.777998413,2,2,28606.2615771146338,742904.606251521,134014639.76454571,134757544.37079722,134757544.37079722,0E-8,-0.012624671360888061,-0.012624671360888056,5.204170427930421e-18
2025-10-20,742904.606251521,2,2,28116.5511728270743,733275.2310625026,133947256.14262334,134680531.37368584,134680531.37368584,0E-8,-0.0003628475583082024,-0.0003628475583082072,4.7704895589362195e-18
2025-10-21,733275.2310625026,2,2,25874.0434133244707,675788.9928226983,135255038.06066024,135930827.05348295,135930827.05348298,3E-8,0.009475532285134555,0.009475532285134773,2.185751579730777e-16
2025-10-22,675788.9928226983,2,2,27570.3689442900649,717020.421022973,135005096.3915201,135722116.8125431,135722116.8125431,0E-7,-0.0013325886108549515,-0.0013325886108551633,2.1185310450366757e-16
2025-10-23,717020.421022973,2,2,25636.3284250220708,669269.6487172507,135542606.5608624,136211876.20957965,136211876.20957965,0E-8,0.0037974335912652293,0.003797433591265228,1.3010426069826053e-18
2025-10-24,669269.6487172507,2,2,25998.7211991390874,676688.6038109558,133987982.66899127,134664671.27280223,134664671.27280223,0E-8,-0.011167941136334548,-0.011167941136334548,0.0
2025-10-27,676688.6038109558,2,2,27309.9095235936064,711254.8416794911,135263902.79786375,135975157.63954324,135975157.6395432,4E-8,0.009934277963330872,0.009934277963330655,2.1684043449710089e-16
2025-10-28,711254.8416794911,2,2,27804.8070680141224,724185.0123957945,134560225.91992888,135284410.93232468,135284410.9323247,2E-8,-0.0048754633688893175,-0.004875463368888884,4.3368086899420177e-16
2025-10-29,724185.0123957945,2,2,27373.8861106344676,713068.7353105405,134973314.96515203,135686383.70046258,135686383.70046258,0E-8,0.0031736594873692796,0.0031736594873690593,2.203098814490545e-16
2025-10-30,713068.7353105405,2,2,26612.6677885618187,693805.6645980729,134978629.37873432,135672435.0433324,135672435.0433324,0E-7,9.333295142080536e-05,9.333295142080251e-05,2.846030702774449e-18
2025-10-31,693805.6645980729,2,2,26118.4310654360087,681518.2670819331,136147642.73496208,136829161.00204402,136829161.00204405,3E-8,0.008718384021037667,0.008718384021037891,2.237793284010081e-16
2025-11-03,681518.2670819331,2,2,28566.7131889136385,743783.7912968704,137971915.29906803,138715699.0903649,138715699.09036493,3E-8,0.013996320575854338,0.013996320575854329,8.673617379884035e-18
2025-11-04,743783.7912968704,2,2,28518.091950761978,743686.5831626309,137227313.79608336,137971000.379246,137971000.379246,0.000000,-0.005162938469578676,-0.005162938469578889,2.1337098754514727e-16
2025-11-05,743686.5831626309,2,2,26320.3494045985483,687761.772748149,137973072.21544197,138660833.9881901,138660833.9881901,0E-7,0.005190612203870362,0.005190612203870362,0.0
2025-11-06,687761.772748149,2,2,28564.3816002253685,743371.6235228628,138588988.8457094,139332360.46923226,139332360.46923232,6E-8,0.0050489445541774215,0.005048944554177852,4.3021142204224816e-16
2025-11-07,743371.6235228628,2,2,26121.4336868962305,684166.8333411571,139690846.73536244,140375013.5687036,140375013.5687036,0E-7,0.007670684179604037,0.0076706841796036,4.371503159461554e-16
2025-11-10,684166.8333411571,2,2,29692.6327352951663,771200.6061305972,140427642.1804664,141198842.786597,141198842.78659698,2E-8,0.0060802975467637525,0.00608029754676354,2.1250362580715887e-16
2025-11-11,771200.6061305972,2,2,27130.4007953613079,709303.639754504,141406522.84331048,142115826.48306498,142115826.48306498,0E-8,0.006686415261137998,0.006686415261138215,2.1684043449710089e-16
2025-11-12,709303.639754504,2,2,30380.2326807071494,788773.1200800287,140714541.6540293,141503314.77410933,141503314.77410933,0E-8,-0.004096176271713885,-0.00409617627171389,5.204170427930421e-18
2025-11-13,788773.1200800287,2,2,29815.2831294370054,777351.7873463994,140936548.93649012,141713900.7238365,141713900.7238365,0E-7,0.0016989088435163677,0.0016989088435163668,8.673617379884035e-19
2025-11-14,777351.7873463994,2,2,26697.840476585758,699017.6678829025,140177839.28850213,140876856.95638502,140876856.95638502,0E-8,-0.005718182357805974,-0.0057181823578059685,5.204170427930421e-18
2025-11-17,699017.6678829025,2,2,27828.8128567959653,724804.3072855035,138826101.39347398,139550905.7007595,139550905.70075947,3E-8,-0.009214589754586975,-0.009214589754587185,2.0990154059319366e-16
2025-11-18,724804.3072855035,2,2,28229.5056624797974,734546.726110559,137296122.93999204,138030669.6661026,138030669.6661026,0E-7,-0.010691485816607725,-0.01069148581660751,2.1510571102112408e-16
2025-11-19,734546.726110559,2,2,28661.9500933541896,746960.5611364674,136306517.9812468,137053478.54238325,137053478.54238322,3E-8,-0.006871872576728642,-0.0068718725767288515,2.0990154059319366e-16
2025-11-20,746960.5611364674,2,2,27177.494733735575,711251.4104084866,135879240.4482121,136590491.85862058,136590491.85862058,0E-8,-0.003179847703713421,-0.0031798477037132014,2.194425197110661e-16
2025-11-21,711251.4104084866,2,2,28117.158465999108,731519.6552519063,132394393.16053633,133125912.81578824,133125912.81578824,0E-8,-0.02515886602065458,-0.02515886602065458,0.0
2025-11-24,731519.6552519063,2,2,25917.3028106869735,679853.1825986393,133018816.64127259,133698669.82387123,133698669.82387121,2E-8,0.004497053189953206,0.0044970531899530914,1.1449174941446927e-16
2025-11-25,679853.1825986393,2,2,25950.6340847377442,677391.572872337,133974040.22039077,134651431.7932631,134651431.79326308,2E-8,0.0073202867669957625,0.007320286766995652,1.1015494072452725e-16
2025-11-26,677391.572872337,2,2,26557.0017155212560,691470.8745361567,133764812.64371963,134456283.51825577,134456283.5182558,3E-8,-0.0012520570412549526,-0.0012520570412545098,4.4278816724308e-16
2025-11-27,691470.8745361567,2,2,26546.334703068231,694047.5713785728,134004340.06225702,134698387.63363558,134698387.63363558,0E-8,0.0019980505414341804,0.001998050541433958,2.224782857940255e-16
2025-11-28,694047.5713785728,2,2,26264.351790212998,684854.396932153,133949985.80169591,134634840.19862807,134634840.19862807,0E-8,-0.0002767893801275881,-0.0002767893801275879,2.168404344971009e-19
2025-12-01,684854.396932153,2,2,26240.6961136060816,685375.152210353,135376019.35259438,136061394.50480473,136061394.50480473,0E-8,0.010790631905879236,0.010790631905879236,0.0
2025-12-02,685375.152210353,2,2,27167.534281132451,707889.3554608524,135920509.7067684,136628399.06222925,136628399.06222925,0E-8,0.004366941070008407,0.004366941070008409,1.734723475976807e-18
2025-12-03,707889.3554608524,2,2,26136.437720455333,692869.8670472354,136528900.58007097,137221770.44711822,137221770.44711816,6E-8,0.004534253690019956,0.004534253690019526,4.3021142204224816e-16
2025-12-04,692869.8670472354,2,2,26858.4014722417475,699940.8506347416,135294573.27974477,135994514.13037953,135994514.13037953,0E-8,-0.008747867859124117,-0.008747867859123688,4.2847669856627135e-16
2025-12-05,699940.8506347416,2,2,26888.483642757161,702148.8877151357,135604923.9839131,136307072.87162822,136307072.87162822,0E-8,0.002496036160444106,0.0024960361604441043,1.734723475976807e-18
2025-12-08,702148.8877151357,2,2,27963.9978972631156,727172.6827154728,135194487.7924565,135921660.47517198,135921660.47517198,0E-8,-0.002622376014894088,-0.002622376014894098,9.974659986866641e-18
2025-12-09,727172.6827154728,2,2,27032.747506590711,708583.8801919175,134268525.45814857,134977109.3383405,134977109.3383405,0E-7,-0.006750347119931626,-0.0067503471199316335,7.806255641895632e-18
2025-12-10,708583.8801919175,2,2,26915.6764286363415,703743.0439946875,134986558.5273404,135690301.5713351,135690301.5713351,0E-7,0.005483210546227214,0.005483210546227216,1.734723475976807e-18
2025-12-11,703743.0439946875,2,2,26769.9289176783312,699534.7869212106,134089728.14265205,134789262.92957327,134789262.92957327,0E-8,-0.006443118651221661,-0.006443118651221663,1.734723475976807e-18
2025-12-12,699534.7869212106,2,2,25729.9273214804953,678375.126794762,134233071.9555044,134911447.08229914,134911447.08229914,0E-8,0.001097372868079561,0.0010973728680795617,6.505213034913027e-19
2025-12-15,678375.126794762,2,2,28125.3868161967235,735681.4349754257,134765391.9876631,135501073.4226385,135501073.4226385,0E-7,0.004578942265578964,0.00457894226557896,4.336808689942018e-18
2025-12-16,735681.4349754257,2,2,26941.237650292645,706191.3318729345,133444713.92256801,134150905.25444095,134150905.25444098,3E-8,-0.009765435041389051,-0.00976543504138883,2.220446049250313e-16
2025-12-17,706191.3318729345,2,2,25894.8080550488996,678342.8518163376,134211579.91585569,134889922.76767203,134889922.76767203,0E-8,0.005701879684191031,0.005701879684190806,2.246466901389965e-16
2025-12-18,678342.8518163376,2,2,27162.6556108125502,707323.6346118841,135101707.80640572,135809031.4410176,135809031.4410176,0E-7,0.007015137302630019,0.007015137302630014,5.204170427930421e-18
2025-12-19,707323.6346118841,2,1,12759.0361545882082,349577.93247082597,136854394.20311016,137203972.135581,137203972.135581,0.000000,0.01036528805029691,0.010365288050296913,3.469446951953614e-18
2025-12-22,349577.93247082597,1,1,13437.220409970874,350288.1769448593,136198688.56746072,136548976.74440557,136548976.74440557,0E-8,-0.004675944586585868,-0.004675944586585869,8.673617379884035e-19
2025-12-23,350288.1769448593,1,1,14069.797270901451,367626.88014881965,135658994.67290878,136026621.5530576,136026621.55305758,2E-8,-0.0037223669206139236,-0.0037223669206141413,2.177077962350893e-16
2025-12-24,367626.88014881965,1,1,7740.3519738256914,208105.12522287574,135224095.1293787,135432200.25460157,135432200.25460157,0E-8,-0.004312986235958088,-0.004312986235957867,2.203098814490545e-16
2025-12-25,208105.12522287574,1,2,25600.832740196457,649973.7986527793,135178836.1682466,135828809.96689937,135828809.96689937,0E-8,0.0031175048787826826,0.0031175048787826865,3.903127820947816e-18
2025-12-26,649973.7986527793,2,2,19945.5865769319888,526858.2804311719,134701996.61265987,135228854.89309105,135228854.89309105,0E-8,-0.004270150694633378,-0.004270150694633377,8.673617379884035e-19
2025-12-29,526858.2804311719,2,2,27386.9281778853976,707501.0222558659,133689417.1930861,134396918.21534196,134396918.215342,4E-8,-0.0059495419835305955,-0.005949541983530373,2.229119666630197e-16
2025-12-30,707501.0222558659,2,2,25502.496842310926,668699.5348183438,132357564.17442636,133026263.7092447,133026263.70924473,3E-8,-0.010008800998692778,-0.010008800998692778,0.0
2025-12-31,668699.5348183438,2,2,25937.4330322745705,677014.0538026085,132555244.02612853,133232258.07993114,133232258.07993115,1E-8,0.0017435038559426822,0.0017435038559425675,1.1470858984896637e-16
2026-01-05,677014.0538026085,2,2,26005.5663581067951,681224.9309829958,134159009.34646258,134840234.27744558,134840234.27744558,0E-8,0.012264160252333659,0.012264160252333548,1.1102230246251565e-16
2026-01-06,681224.9309829958,2,2,27065.6941828049463,708026.746425882,135085676.70274252,135793703.44916838,135793703.44916838,0E-8,0.007271827071199447,0.007271827071199453,6.071532165918825e-18
2026-01-07,708026.746425882,2,1,12803.8609276988958,349175.9138746839,135949806.4821045,136298982.3959792,136298982.39597917,3E-8,0.0038152196646764587,0.003815219664676241,2.177077962350893e-16
2026-01-08,349175.9138746839,1,2,23248.701296111986,596181.2920799404,136187118.29424968,136783299.58632964,136783299.58632964,0E-8,0.0037239154887595714,0.003723915488759788,2.1640675362810669e-16
2026-01-09,596181.2920799404,2,2,24356.6678260004343,635597.8794413693,137259551.33330122,137895149.2127426,137895149.2127426,0E-7,0.008306615629796612,0.008306615629796614,1.734723475976807e-18
2026-01-12,635597.8794413693,2,2,20589.5236487432674,540653.4114051294,137513088.0266406,138053741.4380457,138053741.4380457,0E-7,0.0012994057439643346,0.0012994057439643365,1.951563910473908e-18
2026-01-13,540653.4114051294,2,2,28869.492632644834,749513.8069481459,136957213.77314776,137706727.58009592,137706727.58009592,0E-8,-0.0023044965098604152,-0.0023044965098604126,2.6020852139652106e-18
2026-01-14,749513.8069481459,2,2,29164.9770705293542,759813.5220928555,136667684.6711343,137427498.19322714,137427498.19322714,0E-8,-0.00181592006572662,-0.0018159200657266224,2.3852447794681098e-18
2026-01-15,759813.5220928555,2,2,26666.1104705636457,697145.9080323288,136708810.7613082,137405956.66934052,137405956.66934052,0E-8,3.728938277503478e-05,3.728938277503134e-05,3.4423418976414766e-18
2026-01-16,697145.9080323288,2,2,25150.6006258921826,656721.0940320138,135624735.5882745,136281456.68230653,136281456.6823065,3E-8,-0.008000740383137984,-0.008000740383138201,2.1684043449710089e-16
2026-01-19,656721.0940320138,1,2,23894.460115514444,7505402.26982123,130892975.5202764,138398377.79009762,138398377.79009762,0E-8,0.015708781077217186,0.01570878107721741,2.255140518769849e-16
2026-01-20,7505402.26982123,3,2,30725.8338562672175,1061650.2895028489,139149134.66238403,140210784.9518869,140210784.9518869,0E-7,0.013317591037381445,0.01331759103738145,5.204170427930421e-18
2026-01-21,1061650.2895028489,2,2,28027.1519113730473,745462.9288850063,139381388.11986065,140126851.04874566,140126851.04874566,0E-8,-0.0003987336013348874,-0.00039873360133488593,1.463672932855431e-18
2026-01-22,745462.9288850063,2,2,26315.5374163204673,689565.6053712144,140901125.05914304,141590690.66451424,141590690.6645142,4E-8,0.010634329837801926,0.010634329837801711,2.1510571102112408e-16
2026-01-23,689565.6053712144,2,2,26263.3985689646606,686260.3850722983,143109185.05129117,143795445.43636346,143795445.43636346,0E-8,0.01575681395399339,0.015756813953993604,2.1510571102112408e-16
2026-01-26,686260.3850722983,2,2,27721.3079616571223,721271.0923076952,143559284.06756356,144280555.15987125,144280555.15987125,0E-8,0.003566392731794845,0.003566392731794849,3.903127820947816e-18
2026-01-27,721271.0923076952,2,2,27182.8868827597155,709712.1624612566,142753387.87416226,143463100.0366235,143463100.03662348,2E-8,-0.0054773301605979775,-0.005477330160598191,2.1337098754514727e-16
2026-01-28,709712.1624612566,2,2,41232.9337335509865,1059992.1645320095,144103540.91026184,145163533.07479385,145163533.07479382,3E-8,0.012140166854468315,0.012140166854468315,0.0
2026-01-29,1059992.1645320095,2,2,29139.9330494229906,770908.9151213355,143204669.165344,143975578.08046535,143975578.0804653,5E-8,-0.007982824864713163,-0.007982824864713372,2.0816681711721685e-16
2026-01-30,770908.9151213355,2,2,28839.9727881655640,752121.1766176941,142850694.86331737,143602816.03993505,143602816.03993505,0E-8,-0.002388752817161233,-0.0023887528171608213,4.115631446754975e-16
2026-02-02,752121.1766176941,2,2,27714.4404691348336,722806.3007907802,137870390.5018991,138593196.80268988,138593196.80268988,0E-8,-0.03469225001402898,-0.03469225001402897,6.938893903907228e-18
2026-02-03,722806.3007907802,2,2,33345.245858390956,869903.8670746367,140059989.56857958,140929893.43565422,140929893.4356542,2E-8,0.017100708645871533,0.017100708645871317,2.1510571102112408e-16
2026-02-04,869903.8670746367,2,2,31844.5582255142515,830885.5972633576,142217179.2338091,143048064.83107248,143048064.83107248,0E-8,0.015255925490537784,0.015255925490538,2.1510571102112408e-16
2026-02-05,830885.5972633576,2,2,29501.5221431504181,770472.195858689,141882824.33998305,142653296.53584173,142653296.53584173,0E-8,-0.0025534548371482315,-0.00255345483714823,1.734723475976807e-18
2026-02-06,770472.195858689,2,2,19813.305389995108,525820.1171643492,141907634.77744445,142433454.8946088,142433454.89460883,3E-8,-0.0014021991829167805,-0.0014021991829165675,2.1293730667615307e-16
2026-02-09,525820.1171643492,2,2,24610.3167944801028,636703.3773140684,142658274.66068682,143294978.03800088,143294978.03800088,0E-8,0.006221385704940215,0.006221385704940006,2.0903417885520525e-16
2026-02-10,636703.3773140684,2,2,23228.0414636117928,609204.8156814724,141981062.09410357,142590266.90978503,142590266.90978503,0E-8,-0.004755805793637184,-0.004755805793637185,8.673617379884035e-19
2026-02-11,609204.8156814724,2,2,22548.380961695020,588310.6014200095,142631780.12138957,143220090.72280958,143220090.7228096,2E-8,0.00457515234471784,0.004575152344718054,2.1423834928313568e-16
2026-02-12,588310.6014200095,2,2,38277.721263402866,982013.1357749198,141611307.48720354,142593320.62297845,142593320.62297842,3E-8,-0.0041090071623171125,-0.004109007162317533,4.206704429243757e-16
2026-02-13,982013.1357749198,2,2,25082.4634956809343,667454.2117992407,139911444.0594653,140578898.27126452,140578898.27126452,0E-8,-0.013951143570589302,-0.013951143570589094,2.0816681711721685e-16
2026-02-24,667454.2117992407,2,2,28247.8491272824433,737102.357595495,142250790.72975522,142987893.08735073,142987893.08735073,0E-8,0.01733718712541424,0.01733718712541423,6.938893903907228e-18
2026-02-25,737102.357595495,2,2,30594.6049510361254,803370.082599733,143121352.39539555,143924722.47799528,143924722.4779953,2E-8,0.006765775582164786,0.006765775582164994,2.0816681711721685e-16
2026-02-26,803370.082599733,2,2,35774.432634001044,928951.0417214558,143688988.8262529,144617939.86797437,144617939.86797437,0E-8,0.005065091042468755,0.005065091042468544,2.1076890233118206e-16
2026-02-27,928951.0417214558,2,2,33366.583933519867,871318.8800065797,144884086.47158694,145755405.35159352,145755405.35159355,3E-8,0.008096036139233886,0.008096036139234092,2.0643209364124004e-16
2026-03-02,871318.8800065797,2,2,35762.322629270849,929316.8616365455,144629032.61908332,145558349.48071986,145558349.48071992,6E-8,-0.0011066042309395945,-0.0011066042309393882,2.0621525320674294e-16
2026-03-03,929316.8616365455,2,2,34244.070647516280,893194.9878915735,143588403.50707376,144481598.49496534,144481598.49496534,0E-8,-0.007162123772536251,-0.007162123772536664,4.128641872824801e-16
2026-03-04,893194.9878915735,2,2,28318.3144638112463,745607.9719869001,141457222.1482489,142202830.1202358,142202830.1202358,0E-7,-0.015576032406259351,-0.015576032406259347,3.469446951953614e-18
2026-03-05,745607.9719869001,2,2,31927.0911899513135,829949.052669052,141972057.3335737,142802006.38624275,142802006.38624275,0E-8,0.00443805061167408,0.004438050611674083,2.6020852139652106e-18
2026-03-06,829949.052669052,2,2,31883.1576311704257,833548.0976162534,144984656.447596,145818204.54521227,145818204.54521227,0E-8,0.02134480735765305,0.021344807357653053,3.469446951953614e-18
2026-03-09,833548.0976162534,2,2,30626.546316211493,799418.3732062383,144388226.84645927,145187645.2196655,145187645.21966547,3E-8,-0.004114251585401637,-0.0041142515854018374,2.0036056147532122e-16
2026-03-10,799418.3732062383,2,2,30924.6423899418473,805681.7908322355,144675504.32220802,145481186.11304024,145481186.11304027,3E-8,0.00223480128266957,0.0022348012826699753,4.0549161250957866e-16
2026-03-11,805681.7908322355,2,2,33230.513719109917,863111.2633199943,145457822.80091298,146320934.06423298,146320934.06423298,0E-8,0.006000627904102556,0.006000627904102349,2.0729945537922845e-16
2026-03-12,863111.2633199943,2,2,33315.232195167562,868442.0739491992,146646144.60460898,147514586.67855817,147514586.67855817,0E-8,0.00838545662906813,0.008385456629068132,1.734723475976807e-18
2026-03-13,868442.0739491992,2,2,34878.873298542812,906840.4436507411,146724798.07983848,147631638.52348924,147631638.52348924,0E-8,0.0010299369143790074,0.0010299369143790058,1.5178830414797062e-18
2026-03-16,906840.4436507411,2,2,29804.6439786249203,782556.013972139,146867020.93370333,147649576.94767547,147649576.94767547,0E-8,0.0003233932010939401,0.00032339320109393794,2.168404344971009e-18
2026-03-17,782556.013972139,2,2,26631.2862263964533,699217.8842569496,145997813.8318129,146697031.71606985,146697031.71606982,3E-8,-0.006271023354894888,-0.00627102335489509,2.0122792321330962e-16
2026-03-18,699217.8842569496,2,2,33365.229366530646,863408.4404036142,144600196.61297736,145463605.05338097,145463605.05338097,0E-8,-0.008180543391259978,-0.008180543391259777,2.0122792321330962e-16
2026-03-19,863408.4404036142,2,2,28791.8593761229925,755646.7789279418,143114006.62826502,143869653.40719298,143869653.40719295,3E-8,-0.010759803362755236,-0.010759803362755439,2.0296264668928643e-16
2026-03-20,755646.7789279418,2,2,29949.751895369295,780729.4029610753,141478160.4105397,142258889.81350076,142258889.81350076,0E-8,-0.010987819907528942,-0.010987819907528732,2.0990154059319366e-16
2026-03-23,780729.4029610753,2,2,26981.6021055761326,716512.3874530094,135140363.9492253,135856876.33667833,135856876.33667833,0E-8,-0.04481288925475539,-0.04481288925475539,0.0
2026-03-24,716512.3874530094,2,2,31984.2665219105284,836715.9129810464,138630708.32495922,139467424.23794025,139467424.23794025,0E-8,0.026811540689018726,0.026811540689018722,3.469446951953614e-18
2026-03-25,836715.9129810464,2,2,28818.2494198990521,758655.9227261692,141737796.60630795,142496452.52903414,142496452.52903414,0E-8,0.0219251668066724,0.021925166806672395,3.469446951953614e-18
2026-03-26,758655.9227261692,2,2,27442.2733346345816,720643.7215621546,140179537.43859562,140900181.16015777,140900181.16015777,0E-8,-0.011009601065135844,-0.011009601065135844,0.0
2026-03-27,720643.7215621546,2,2,25293.187004990350,667674.8839462716,143560009.7971046,144227684.68105087,144227684.68105084,3E-8,0.02379554575651713,0.02379554575651691,2.220446049250313e-16
2026-03-30,667674.8839462716,2,2,30463.5964087184822,800882.9595509758,143047123.85637224,143848006.8159232,143848006.8159232,0E-7,-0.0024212707115918598,-0.0024212707115916616,1.981921571303502e-16
2026-03-31,800882.9595509758,2,2,29888.0877662413016,784763.2716120984,142381665.51918086,143166428.79079297,143166428.79079297,0E-8,-0.004530406446284261,-0.004530406446284267,6.071532165918825e-18
2026-04-01,784763.2716120984,2,2,24837.0804613385233,652681.6140165916,145822212.49760336,146474894.11161995,146474894.11161995,0E-8,0.023282709706751312,0.023282709706751316,3.469446951953614e-18
2026-04-02,652681.6140165916,2,2,35441.674167640601,914285.4066646267,143000550.40789312,143914835.81455776,143914835.81455776,0E-8,-0.017235831698029325,-0.017235831698029325,0.0
2026-04-03,914285.4066646267,2,2,32499.3845613331516,851109.0505382111,140169293.58672044,141020402.63725865,141020402.63725865,0E-8,-0.019886301343007742,-0.019886301343007746,3.469446951953614e-18
2026-04-07,851109.0505382111,2,2,28264.9002203869054,741898.2330735922,140561452.49362957,141303350.72670317,141303350.72670317,0E-8,0.002206864991482305,0.002206864991482303,1.734723475976807e-18
2026-04-08,741898.2330735922,2,2,25637.0206845636423,673529.5618902231,147776605.8788251,148450135.4407153,148450135.4407153,0E-7,0.05075903506753349,0.05075903506753349,0.0
2026-04-09,673529.5618902231,2,2,28849.4159176189584,748478.2861693325,146310414.6955893,147058892.98175862,147058892.98175862,0E-8,-0.009177445604845215,-0.009177445604845215,0.0
2026-04-10,748478.2861693325,2,2,30092.6823119118654,785594.8857066566,148237717.0256843,149023311.91139096,149023311.91139096,0E-8,0.013562672555896702,0.013562672555896696,5.204170427930421e-18
2026-04-13,785594.8857066566,2,2,33169.982090224076,860631.9525727862,147325938.11213937,148186570.06471217,148186570.0647122,3E-8,-0.005392256112697133,-0.00539225611269693,2.0296264668928643e-16
2026-04-14,860631.9525727862,2,2,34680.569262771257,908306.8331661485,149331093.84542164,150239400.6785878,150239400.6785878,0E-7,0.014087047039598767,0.01408704703959856,2.0643209364124004e-16
2026-04-15,908306.8331661485,2,2,31616.7111777758409,827333.3229315095,150624827.09965697,151452160.42258847,151452160.42258847,0E-8,0.008282623929261976,0.008282623929261974,1.734723475976807e-18
2026-04-16,827333.3229315095,2,2,32629.2238128262692,850880.4273601593,153194828.22266197,154045708.65002212,154045708.65002212,0E-8,0.01733998012256017,0.017339980122560168,3.469446951953614e-18
2026-04-17,850880.4273601593,2,2,30059.1858586394767,785623.2891840218,153352781.28773224,154138404.57691628,154138404.57691625,3E-8,0.0007968746018864186,0.0007968746018862218,1.9678269430611905e-16
2026-04-20,785623.2891840218,2,2,34770.915916771060,901369.3078890741,153936350.45004514,154837719.7579342,154837719.7579342,0E-7,0.0047625126194192026,0.004762512619419394,1.9168694409543718e-16
2026-04-21,901369.3078890741,2,2,30495.8085003166331,799028.654347132,153767248.11739963,154566276.77174675,154566276.77174675,0E-8,-0.0015561271379081695,-0.0015561271379081678,1.734723475976807e-18
2026-04-22,799028.654347132,2,2,32074.274517036846,836968.3590445044,154482129.97197643,155319098.33102092,155319098.33102098,6E-8,0.005078053571480446,0.005078053571480832,3.859759734048396e-16
2026-04-23,836968.3590445044,2,2,33053.562352170325,861105.274588488,154089597.30328733,154950702.57787582,154950702.57787582,0E-8,-0.0021590531647192324,-0.0021590531647196157,3.8337388819087437e-16
2026-04-24,861105.274588488,2,2,29304.0750897733773,768503.192121054,152422942.02989358,153191445.22201464,153191445.22201467,3E-8,-0.011164539766458727,-0.011164539766458537,1.9081958235744878e-16
2026-04-27,768503.192121054,2,2,30945.6940881475362,806727.0450555505,152678517.7842036,153485244.82925913,153485244.82925913,0E-8,0.002119865772282505,0.0021198657722823126,1.9255430583342559e-16
2026-04-28,806727.0450555505,2,2,27049.3177935532994,713738.7477546269,151728185.22978523,152441923.97753987,152441923.97753987,0E-8,-0.006621297930340034,-0.006621297930340038,3.469446951953614e-18
2026-04-29,713738.7477546269,2,2,28536.0185916021585,750886.9784853663,152685543.31009558,153436430.28858095,153436430.28858098,3E-8,0.00671103002992418,0.006711030029924378,1.97758476261356e-16
2026-04-30,750886.9784853663,2,2,31954.4892247479313,831639.0027689245,151092904.54651672,151924543.54928565,151924543.54928565,0E-8,-0.00964524687707555,-0.009645246877075738,1.8735013540549517e-16
2026-05-06,831639.0027689245,2,2,31139.688702329840,813400.3607580448,150495978.30388606,151309378.6646441,151309378.6646441,0E-7,-0.0038441793688836403,-0.003844179368883646,5.637851296924623e-18
2026-05-07,813400.3607580448,2,2,28769.6641374303183,751857.4328365382,151490883.75228247,152242741.185119,152242741.185119,0.000000,0.00635870818519962,0.006358708185199621,8.673617379884035e-19
2026-05-08,751857.4328365382,2,2,30068.7945537479155,782406.9076498644,152654655.59383118,153437062.50148106,153437062.50148106,0E-8,0.00804235460675927,0.008042354606759266,3.469446951953614e-18
2026-05-11,782406.9076498644,2,2,34119.656148439103,886177.1230408978,152886510.6120623,153772687.7351032,153772687.73510316,4E-8,0.002409749533408878,0.002409749533408679,1.9905951886833861e-16
2026-05-12,886177.1230408978,2,2,29375.0727331842594,770359.2553238925,153320823.4860958,154091182.74141967,154091182.7414197,3E-8,0.002262235798654481,0.0022622357986548693,3.881443777498106e-16
2026-05-13,770359.2553238925,2,2,31362.1519437846175,816049.2408527322,153570959.75213555,154387008.9929883,154387008.99298832,2E-8,0.002123342800616014,0.002123342800616011,3.0357660829594124e-18
2026-05-14,816049.2408527322,2,2,31924.5542410202218,833545.1481428174,150180333.3980911,151013878.54623392,151013878.54623395,3E-8,-0.02164175544501346,-0.021641755445013452,6.938893903907228e-18
2026-05-15,833545.1481428174,2,2,31181.054459814977,813757.0484122504,149234470.51898628,150048227.56739855,150048227.56739855,0E-8,-0.006187973803278384,-0.006187973803278581,1.968911145233676e-16
2026-05-18,813757.0484122504,2,2,30808.9119002474706,802665.1383401891,149532919.40570483,150335584.544045,150335584.544045,0.000000,0.0021204241709805406,0.0021204241709805345,6.071532165918825e-18
2026-05-19,802665.1383401891,2,2,31763.5297249419054,831960.6812861655,151584803.1548436,152416763.83612975,152416763.83612972,3E-8,0.014054841561417883,0.014054841561417682,2.0122792321330962e-16
2026-05-20,831960.6812861655,2,2,27582.2643148219463,724362.2757312562,149915500.8399746,150639863.11570588,150639863.11570588,0E-8,-0.01147720507955298,-0.011477205079552792,1.8735013540549517e-16
2026-05-21,724362.2757312562,2,2,31254.3210698356702,810863.246834375,146891932.69195512,147702795.9387895,147702795.9387895,0E-7,-0.01928980016142614,-0.019289800161426146,6.938893903907228e-18
2026-05-22,810863.246834375,2,2,28669.1118100295110,751539.071072517,146940836.40337065,147692375.47444317,147692375.47444314,3E-8,0.0001235497767508248,0.00012354977675061655,2.0824813228015326e-16
2026-05-25,751539.071072517,2,2,27663.0181911186064,722461.4838582361,147565140.87120715,148287602.35506538,148287602.35506538,0E-8,0.004217481754304319,0.004217481754304516,1.968911145233676e-16
2026-05-26,722461.4838582361,2,2,30813.2321759259924,799502.6849268395,148318198.8284313,149117701.51335815,149117701.51335815,0E-8,0.005805693643945335,0.0058056936439453335,1.734723475976807e-18
2026-05-27,799502.6849268395,2,2,30082.5897120106595,784421.3791284552,146605586.61028045,147390007.9894089,147390007.9894089,0E-7,-0.011384368971682084,-0.011384368971682084,0.0
2026-05-28,784421.3791284552,2,2,31388.1686619625176,816080.4296680856,147260302.3807737,148076382.8104418,148076382.8104418,0E-7,0.00486982122795204,0.004869821227952032,7.806255641895632e-18
2026-05-29,816080.4296680856,2,2,29127.6283849280260,760990.7782236496,148389797.13675433,149150787.914978,149150787.914978,0.000000,0.007452456036380952,0.0074524560363809595,7.806255641895632e-18
2026-06-01,760990.7782236496,2,2,32702.5594218397580,851419.2869574586,151801230.3376815,152652649.62463897,152652649.62463897,0E-8,0.023697925559050093,0.02369792555905009,3.469446951953614e-18
2026-06-02,851419.2869574586,2,2,31940.4508110591627,836051.3819151418,148418040.83035335,149254092.2122685,149254092.21226853,3E-8,-0.022054101057778323,-0.02205410105777812,2.0469737016526324e-16
2026-06-03,836051.3819151418,2,2,30648.6197745083665,809956.2905092789,147481520.65570217,148291476.94621146,148291476.94621143,3E-8,-0.006244161432820864,-0.006244161432821257,3.929148673087468e-16
2026-06-04,809956.2905092789,2,2,29929.955886002748,782223.1231618058,145328795.8441053,146111018.9672671,146111018.9672671,0E-7,-0.014502033881815082,-0.01450203388181487,2.1163626406917047e-16
2026-06-05,782223.1231618058,2,2,30095.4930874112946,785729.268423154,146124868.67000854,146910597.93843168,146910597.93843168,0E-8,0.005678383944730859,0.005678383944730856,2.6020852139652106e-18
2026-06-08,785729.268423154,2,2,33450.645846162020,869140.9682144038,141039135.09795964,141908276.06617403,141908276.066174,3E-8,-0.033822415102373195,-0.033822415102373396,2.0122792321330962e-16
2026-06-09,869140.9682144038,2,2,30189.814236781863,789856.7781603131,142494371.23315704,143284228.01131734,143284228.01131734,0E-8,0.009908807282842252,0.009908807282842469,2.1684043449710089e-16
2026-06-10,789856.7781603131,2,2,25113.3211545883022,660530.4698835891,141684523.1527974,142345053.622681,142345053.622681,0.000000,-0.006379355775358367,-0.00637935577535835,1.6479873021779667e-17
2026-06-11,660530.4698835891,2,2,26575.2298267800009,691249.3101810692,138740489.40956125,139431738.71974233,139431738.71974233,0E-8,-0.0202798734458583,-0.0202798734458583,0.0
2026-06-12,691249.3101810692,2,2,24351.0614998202767,637611.4269408546,143119717.03015897,143757328.45709983,143757328.45709983,0E-8,0.03119763720081476,0.031197637200814754,6.938893903907228e-18
2026-06-15,637611.4269408546,2,2,28361.6356898007284,734979.8969180901,146579664.40409952,147314644.3010176,147314644.30101764,4E-8,0.024942571749847372,0.024942571749847604,2.3245294578089215e-16
2026-06-16,734979.8969180901,2,2,29812.1395577608389,776034.8860735605,147902779.1874556,148678814.07352915,148678814.07352918,3E-8,0.009462616012708747,0.00946261601270874,6.938893903907228e-18
2026-06-17,776034.8860735605,2,2,36854.300675850884,954527.6469839793,145192649.0216598,146147176.66864377,146147176.66864374,3E-8,-0.016779681219247115,-0.016779681219247514,3.9898639947466563e-16
2026-06-18,954527.6469839793,2,2,29200.1628237072711,799696.9664789904,143296773.60262606,144096470.56910506,144096470.56910506,0E-8,-0.013831987608616769,-0.01383198760861657,1.97758476261356e-16
2026-06-22,799696.9664789904,2,2,28917.7199931677710,759119.9233679827,144163438.8683007,144922558.79166868,144922558.79166868,0E-8,0.005933566167026643,0.005933566167026635,7.806255641895632e-18
2026-06-23,759119.9233679827,2,2,28776.7581988420147,761440.0127265239,140650193.63641283,141411633.64913934,141411633.64913934,0E-8,-0.02402764906556893,-0.02402764906556893,0.0
2026-06-24,761440.0127265239,2,2,33550.872985115898,870226.8932114821,138571109.20101514,139441336.09422663,139441336.09422663,0E-8,-0.013695808696566794,-0.0136958086965668,5.204170427930421e-18
2026-06-25,870226.8932114821,2,2,28404.422794469191,774725.6334781842,136365793.1461213,137140518.7795995,137140518.7795995,0E-7,-0.01629655133465662,-0.016296551334656625,3.469446951953614e-18
2026-06-26,774725.6334781842,2,2,27753.7517038981097,733966.2675976409,131780026.7887144,132513993.05631204,132513993.05631202,2E-8,-0.03353328405425025,-0.03353328405425036,1.1102230246251565e-16
2026-06-29,733966.2675976409,2,2,27155.4201052465946,709325.5702534094,132930360.70307304,133639686.27332646,133639686.27332646,0E-8,0.008699825660145632,0.008699825660145748,1.1622647289044608e-16
2026-06-30,709325.5702534094,2,2,26460.100438765831,690379.9803043418,133078469.87035982,133768849.85066417,133768849.85066417,0E-8,0.001164501968810288,0.0011645019688103046,1.6696713456276768e-17
2026-07-01,690379.9803043418,2,2,26916.390380863890,701428.4096915768,136470070.07258904,137171498.4822806,137171498.4822806,0E-7,0.025637994389769957,0.025637994389769946,1.0408340855860843e-17
2026-07-02,701428.4096915768,2,2,29885.4201864009649,776793.8036175352,134925918.0672057,135702711.87082323,135702711.87082323,0E-8,-0.010489797131266665,-0.010489797131266682,1.734723475976807e-17
2026-07-03,776793.8036175352,2,2,26944.5354024987760,704616.0375939067,136056046.35234582,136760662.38993973,136760662.38993973,0E-8,0.007994645350578639,0.00799464535057863,8.673617379884035e-18
2026-07-06,704616.0375939067,2,2,26640.5551649516886,695588.1540577309,135096430.1793194,135792018.33337715,135792018.33337715,0E-8,-0.0068879711821790346,-0.0068879711821790476,1.3010426069826053e-17
2026-07-07,695588.1540577309,2,2,28426.6922267565206,739468.2445483757,130130721.01992166,130870189.26447004,130870189.26447006,2E-8,-0.03603600886663878,-0.036036008866638665,1.1796119636642288e-16
2026-07-08,739468.2445483757,2,2,28534.6931567641171,744573.6645660382,128546927.86574253,129291501.53030857,129291501.53030856,1E-8,-0.011844966754591173,-0.0118449667545914,2.2724877535296173e-16
2026-07-09,744573.6645660382,2,2,27050.6523613946664,714051.9858972635,127911856.97920452,128625908.96510178,128625908.96510175,3E-8,-0.004938777145346355,-0.004938777145346469,1.1449174941446927e-16
2026-07-10,714051.9858972635,2,2,25842.0762292319765,693301.9063586118,129386185.03439386,130079486.94075248,130079486.94075248,0E-8,0.01150172670329832,0.01150172670329855,2.3071822230491534e-16
2026-07-13,693301.9063586118,2,2,26263.8241522250070,688158.6411749795,123607705.60142449,124295864.24259946,124295864.24259949,3E-8,-0.044260313516020465,-0.04426031351602024,2.220446049250313e-16
2026-07-14,688158.6411749795,2,2,29085.2202990022482,757150.3420214308,126442840.90920325,127199991.25122468,127199991.25122467,1E-8,0.023598630950416914,0.023598630950416543,3.712308238590367e-16
2026-07-15,757150.3420214308,2,2,26881.5548159374584,704376.7021532785,126355036.63538139,127059413.33753467,127059413.33753465,2E-8,-0.0008938393608024996,-0.0008938393608025046,4.9873299934333204e-18
2026-07-16,704376.7021532785,2,2,28238.3439543476023,737693.2904989915,124500799.02831541,125238492.3188144,125238492.31881438,2E-8,-0.014109011112806269,-0.014109011112806274,5.204170427930421e-18
2026-07-17,737693.2904989915,2,2,24287.9238953493839,637642.6816025618,118306182.1768987,118943824.85850127,118943824.85850126,1E-8,-0.050067510557820626,-0.050067510557820646,2.0816681711721685e-17
2026-07-20,637642.6816025618,2,2,26624.9887024449907,695882.2781121321,115067835.35176545,115763717.62987758,115763717.62987757,1E-8,-0.026512366183555215,-0.026512366183555222,6.938893903907228e-18
2026-07-21,695882.2781121321,2,2,29020.9757614478080,754098.374017952,121035165.47191858,121789263.84593654,121789263.84593658,4E-8,0.052301077710532794,0.05230107771053329,4.996003610813204e-16
2026-07-22,754098.374017952,2,2,24834.4993499556561,650930.8392788582,120157670.50598547,120808601.34526433,120808601.34526433,0E-8,-0.007848212322979251,-0.007848212322979633,3.8163916471489756e-16
2026-07-23,650930.8392788582,2,2,23453.2125005700940,614190.1057639113,123160451.52082479,123774641.6265887,123774641.62658872,2E-8,0.024745700724413934,0.024745700724414045,1.1102230246251565e-16
2026-07-24,614190.1057639113,2,2,27516.3818901259963,714347.1978020705,118751991.08660658,119466338.28440864,119466338.28440863,1E-8,-0.034585331082633924,-0.034585331082634146,2.220446049250313e-16
2026-07-27,714347.1978020705,2,2,21028.3079952178645,554360.3353294125,123642362.830345,124196723.16567442,124196723.16567442,0E-8,0.03977198311669599,0.03977198311669611,1.1796119636642288e-16
2026-07-28,554360.3353294125,2,2,23741.4908700802273,623298.4599215277,118780672.82739007,119403971.2873116,119403971.2873116,0E-7,-0.038398842303842703,-0.0383988423038427,6.938893903907228e-18
2026-07-29,623298.4599215277,2,2,24400.1655439151925,638299.0752770714,118176787.37403873,118815086.4493158,118815086.44931582,2E-8,-0.004727520084684711,-0.004727520084684583,1.2836953722228372e-16
2026-07-30,638299.0752770714,2,2,21594.641290168877,572145.3065635543,111814833.22372207,112386978.53028563,112386978.53028563,0E-8,-0.05392003212044035,-0.05392003212044047,1.1796119636642288e-16
2026-07-31,572145.3065635543,2,2,23709.0118288178736,626283.1574248467,115266317.52549548,115892600.68292034,115892600.68292034,0E-8,0.031403381518193024,0.03140338151819304,1.3877787807814457e-17
2026-08-03,626283.1574248467,2,2,23483.3393977285673,613256.7052754862,116458446.25097702,117071702.95625252,117071702.9562525,2E-8,0.010376724705834808,0.010376724705834676,1.3183898417423734e-16
2026-08-04,613256.7052754862,2,2,26210.5550059266390,688189.5923527386,123918845.69019887,124607035.2825516,124607035.2825516,0E-7,0.06458898854602481,0.06458898854602496,1.5265566588595902e-16
2026-08-05,688189.5923527386,2,2,22426.725470212045,592912.4450664967,130685912.69017969,131278825.13524619,131278825.13524617,2E-8,0.05372262138317781,0.05372262138317768,1.249000902703301e-16
2026-08-06,592912.4450664967,2,2,20882.0686590571194,572831.0159709696,133967689.71331428,134540520.72928524,134540520.72928524,0E-8,0.025004624007842313,0.025004624007842435,1.214306433183765e-16
2026-08-07,572831.0159709696,2,2,27716.2133810703345,732190.039853909,140393653.40788376,141125843.44773766,141125843.44773763,3E-8,0.04915276747843034,0.0491527674784301,2.3592239273284576e-16
2026-08-10,732190.039853909,2,2,29376.8225332927647,764006.1454333793,138904946.45949107,139668952.60492444,139668952.60492444,0E-8,-0.010115185039149644,-0.010115185039149448,1.960237527853792e-16
2026-08-11,764006.1454333793,2,2,31965.9236777698485,832277.3409353364,137774148.26673612,138606425.60767147,138606425.60767144,3E-8,-0.007378598137628374,-0.007378598137628583,2.0903417885520525e-16
2026-08-12,832277.3409353364,2,2,28611.1850753087235,749185.0794048561,143340631.41673866,144089816.49614352,144089816.49614352,0E-8,0.03976729108612325,0.039767291086123466,2.1510571102112408e-16
2026-08-13,749185.0794048561,2,2,27754.7065267671796,723901.0120692998,143206861.30717176,143930762.31924105,143930762.31924105,0E-8,-0.0009112335178747344,-0.0009112335178747454,1.0950441942103595e-17
2026-08-14,723901.0120692998,2,2,29694.9039905016594,777907.1588007845,146854076.20010427,147631983.35890505,147631983.35890505,0E-8,0.025921602050430766,0.025921602050430766,0.0
2026-08-17,777907.1588007845,2,2,34004.740262143324,882590.2843221817,153102400.85779458,153984991.14211676,153984991.14211673,3E-8,0.0432630679217153,0.043263067921715095,2.0122792321330962e-16
2026-08-18,882590.2843221817,2,2,33690.9416387495675,894594.151247995,154135500.57942083,155030094.73066884,155030094.73066884,0E-8,0.007005842077135878,0.00700584207713607,1.9168694409543718e-16
2026-08-19,894594.151247995,2,2,33194.304792339348,866088.2467995957,142638465.11430246,143504553.36110204,143504553.36110204,0E-8,-0.07412978160620955,-0.07412978160620953,1.3877787807814457e-17
2026-08-20,866088.2467995957,2,2,30107.0303701752384,802921.927625983,143762698.5009453,144565620.42857128,144565620.42857128,0E-8,0.0076037594088996,0.007603759408899592,7.806255641895632e-18
2026-08-21,802921.927625983,2,2,29542.528254909963,776100.6083867736,144794920.68555087,145571021.29393765,145571021.29393765,0E-8,0.0071589869745873405,0.00715898697458735,9.540979117872439e-18
2026-08-24,776100.6083867736,2,2,32099.4360964536249,834401.5404338539,143514897.04432762,144349298.58476147,144349298.5847615,3E-8,-0.008172116005682453,-0.008172116005682246,2.0643209364124004e-16
2026-08-25,834401.5404338539,2,2,28534.977883413563,748210.2550129201,141910761.27211845,142658971.52713138,142658971.5271314,2E-8,-0.011512297572896615,-0.011512297572896613,1.734723475976807e-18
2026-08-26,748210.2550129201,2,2,32402.1413952520146,843382.736319935,143075954.69755232,143919337.43387225,143919337.43387225,0E-8,0.009061947063667586,0.009061947063667378,2.0816681711721685e-16
2026-08-27,843382.736319935,2,2,30052.5529244679205,789473.6853432795,146494565.74878338,147284039.43412665,147284039.43412665,0E-8,0.02358789731601339,0.023587897316013386,3.469446951953614e-18
2026-08-28,789473.6853432795,2,2,30483.294486693809,793343.8354431298,146150602.7233464,146943946.55878955,146943946.55878952,3E-8,-0.0021021258110514706,-0.002102125811051684,2.1337098754514727e-16
2026-08-31,793343.8354431298,2,2,31669.947158861983,823276.1819595136,146892727.83492285,147716004.01688236,147716004.01688236,0E-8,0.00546961902190448,0.005469619021904671,1.9081958235744878e-16
2026-09-01,823276.1819595136,2,2,27070.234797387005,711028.9999781968,145102578.85768494,145813607.85766312,145813607.85766312,0E-8,-0.012695482367689276,-0.01269548236768928,3.469446951953614e-18
2026-09-02,711028.9999781968,2,2,24614.8557936020018,646242.565621186,143050059.7542749,143696302.3198961,143696302.31989607,3E-8,-0.014351820195109732,-0.014351820195109945,2.1337098754514727e-16
2026-09-03,646242.565621186,2,2,29153.0843246902593,754851.3837959087,143598251.01327708,144353102.397073,144353102.397073,0.000000,0.004773631265573716,0.00477363126557392,2.0383000842727483e-16
2026-09-04,754851.3837959087,2,2,28528.476172299949,743688.2072008085,142811371.051535,143555059.2587358,143555059.2587358,0E-7,-0.005330780214533846,-0.005330780214533858,1.214306433183765e-17
2026-09-07,743688.2072008085,2,2,32345.4958026813077,843583.3782367781,143898834.7487134,144742418.12695017,144742418.12695017,0E-8,0.00849642200222788,0.008496422002227885,5.204170427930421e-18
2026-09-08,843583.3782367781,2,2,32314.5494293779309,841646.6027619299,144246404.27363002,145088050.87639195,145088050.87639192,3E-8,0.0026111716507296566,0.002611171650729448,2.0860049798621105e-16
2026-09-09,841646.6027619299,2,2,29892.5029143096338,780793.1744406028,144440990.87730697,145221784.05174756,145221784.05174756,0E-8,0.0011277681193010449,0.0011277681193012496,2.0469737016526324e-16
2026-09-10,780793.1744406028,2,2,25152.978081243470,660000.6356700854,143438410.80042553,144098411.43609563,144098411.43609565,2E-8,-0.007562361561261071,-0.007562361561260869,2.0209528495129803e-16
2026-09-11,660000.6356700854,2,2,27385.3925641158726,715195.7814390613,140661082.28116092,141376278.0626,141376278.06260002,2E-8,-0.01870074731619496,-0.018700747316194956,3.469446951953614e-18
2026-09-14,715195.7814390613,2,2,31301.5753666568976,817493.8790240148,140680620.83045906,141498114.7094831,141498114.70948306,4E-8,0.0010831960237484052,0.0010831960237479856,4.195862407518902e-16
2026-09-15,817493.8790240148,2,2,30152.6897830232666,791481.2954588104,140304752.12942895,141096233.42488778,141096233.4248878,2E-8,-0.002627092209500474,-0.0026270922095000503,4.2370620900733513e-16
2026-09-16,791481.2954588104,2,2,26021.5778621289145,684218.9822778953,142923618.53312138,143607837.51539928,143607837.51539928,0E-8,0.017985070237360578,0.017985070237360345,2.3245294578089215e-16
2026-09-17,684218.9822778953,2,2,33424.050924855644,865542.5621922445,142239391.29277438,143104933.8549666,143104933.8549666,0E-7,-0.0032691781843554877,-0.0032691781843554838,3.903127820947816e-18
2026-09-18,865542.5621922445,2,2,30625.1246646131003,800534.8850344568,144288702.9471969,145089237.83223134,145089237.83223134,0E-8,0.01408008129175635,0.014080081291756356,6.938893903907228e-18
2026-09-21,800534.8850344568,2,2,31753.451577361194,826532.4234940913,145268140.92529574,146094673.34878984,146094673.34878984,0E-8,0.007148627862634271,0.007148627862634261,9.540979117872439e-18
2026-09-22,826532.4234940913,2,2,34473.082675649659,894742.1813959237,145082016.58456263,145976758.76595855,145976758.76595858,3E-8,-0.0005711467656074872,-0.0005711467656072887,1.984089975648473e-16
2026-09-23,894742.1813959237,2,2,30531.3630725593490,798845.7426084401,143989962.57438037,144788808.3169888,144788808.31698877,3E-8,-0.007928790142222968,-0.007928790142223361,3.937822290467352e-16
2026-09-24,798845.7426084401,2,2,30852.4378672372244,803329.6248054104,143353907.19752404,144157236.82232946,144157236.82232946,0E-8,-0.00414893294429865,-0.004148932944298458,1.9168694409543718e-16
2026-09-28,803329.6248054104,2,2,29494.6007818039476,769599.4123204481,141827824.4538254,142597423.86614585,142597423.86614585,0E-8,-0.010615619369063595,-0.010615619369063595,0.0
2026-09-29,769599.4123204481,2,2,30287.5129286461394,787834.3487508995,142450894.89639986,143238729.24515074,143238729.24515074,0E-8,0.0047097126562675945,0.004709712656267607,1.214306433183765e-17
2026-09-30,787834.3487508995,2,2,31134.4566883626081,827660.1393705234,143408324.61110878,144235984.7504793,144235984.7504793,0E-7,0.007179552397849438,0.007179552397849428,9.540979117872439e-18
