exec_day,signal_day,in_provider_calendar,report_day_match
2025-01-02,2024-12-31,True,True
2025-01-03,2025-01-02,True,True
2025-01-06,2025-01-03,True,True
2025-01-07,2025-01-06,True,True
2025-01-08,2025-01-07,True,True
2025-01-09,2025-01-08,True,True
2025-01-10,2025-01-09,True,True
2025-01-13,2025-01-10,True,True
2025-01-14,2025-01-13,True,True
2025-01-15,2025-01-14,True,True
2025-01-16,2025-01-15,True,True
2025-01-17,2025-01-16,True,True
2025-01-20,2025-01-17,True,True
2025-01-21,2025-01-20,True,True
2025-01-22,2025-01-21,True,True
2025-01-23,2025-01-22,True,True
2025-01-24,2025-01-23,True,True
2025-01-27,2025-01-24,True,True
2025-02-05,2025-01-27,True,True
2025-02-06,2025-02-05,True,True
2025-02-07,2025-02-06,True,True
2025-02-10,2025-02-07,True,True
2025-02-11,2025-02-10,True,True
2025-02-12,2025-02-11,True,True
2025-02-13,2025-02-12,True,True
2025-02-14,2025-02-13,True,True
2025-02-17,2025-02-14,True,True
2025-02-18,2025-02-17,True,True
2025-02-19,2025-02-18,True,True
2025-02-20,2025-02-19,True,True
2025-02-21,2025-02-20,True,True
2025-02-24,2025-02-21,True,True
2025-02-25,2025-02-24,True,True
2025-02-26,2025-02-25,True,True
2025-02-27,2025-02-26,True,True
2025-02-28,2025-02-27,True,True
2025-03-03,2025-02-28,True,True
2025-03-04,2025-03-03,True,True
2025-03-05,2025-03-04,True,True
2025-03-06,2025-03-05,True,True
2025-03-07,2025-03-06,True,True
2025-03-10,2025-03-07,True,True
2025-03-11,2025-03-10,True,True
2025-03-12,2025-03-11,True,True
2025-03-13,2025-03-12,True,True
2025-03-14,2025-03-13,True,True
2025-03-17,2025-03-14,True,True
2025-03-18,2025-03-17,True,True
2025-03-19,2025-03-18,True,True
2025-03-20,2025-03-19,True,True
2025-03-21,2025-03-20,True,True
2025-03-24,2025-03-21,True,True
2025-03-25,2025-03-24,True,True
2025-03-26,2025-03-25,True,True
2025-03-27,2025-03-26,True,True
2025-03-28,2025-03-27,True,True
2025-03-31,2025-03-28,True,True
2025-04-01,2025-03-31,True,True
2025-04-02,2025-04-01,True,True
2025-04-03,2025-04-02,True,True
2025-04-07,2025-04-03,True,True
2025-04-08,2025-04-07,True,True
2025-04-09,2025-04-08,True,True
2025-04-10,2025-04-09,True,True
2025-04-11,2025-04-10,True,True
2025-04-14,2025-04-11,True,True
2025-04-15,2025-04-14,True,True
2025-04-16,2025-04-15,True,True
2025-04-17,2025-04-16,True,True
2025-04-18,2025-04-17,True,True
2025-04-21,2025-04-18,True,True
2025-04-22,2025-04-21,True,True
2025-04-23,2025-04-22,True,True
2025-04-24,2025-04-23,True,True
2025-04-25,2025-04-24,True,True
2025-04-28,2025-04-25,True,True
2025-04-29,2025-04-28,True,True
2025-04-30,2025-04-29,True,True
2025-05-06,2025-04-30,True,True
2025-05-07,2025-05-06,True,True
2025-05-08,2025-05-07,True,True
2025-05-09,2025-05-08,True,True
2025-05-12,2025-05-09,True,True
2025-05-13,2025-05-12,True,True
2025-05-14,2025-05-13,True,True
2025-05-15,2025-05-14,True,True
2025-05-16,2025-05-15,True,True
2025-05-19,2025-05-16,True,True
2025-05-20,2025-05-19,True,True
2025-05-21,2025-05-20,True,True
2025-05-22,2025-05-21,True,True
2025-05-23,2025-05-22,True,True
2025-05-26,2025-05-23,True,True
2025-05-27,2025-05-26,True,True
2025-05-28,2025-05-27,True,True
2025-05-29,2025-05-28,True,True
2025-05-30,2025-05-29,True,True
2025-06-03,2025-05-30,True,True
2025-06-04,2025-06-03,True,True
2025-06-05,2025-06-04,True,True
2025-06-06,2025-06-05,True,True
2025-06-09,2025-06-06,True,True
2025-06-10,2025-06-09,True,True
2025-06-11,2025-06-10,True,True
2025-06-12,2025-06-11,True,True
2025-06-13,2025-06-12,True,True
2025-06-16,2025-06-13,True,True
2025-06-17,2025-06-16,True,True
2025-06-18,2025-06-17,True,True
2025-06-19,2025-06-18,True,True
2025-06-20,2025-06-19,True,True
2025-06-23,2025-06-20,True,True
2025-06-24,2025-06-23,True,True
2025-06-25,2025-06-24,True,True
2025-06-26,2025-06-25,True,True
2025-06-27,2025-06-26,True,True
2025-06-30,2025-06-27,True,True
2025-07-01,2025-06-30,True,True
2025-07-02,2025-07-01,True,True
2025-07-03,2025-07-02,True,True
2025-07-04,2025-07-03,True,True
2025-07-07,2025-07-04,True,True
2025-07-08,2025-07-07,True,True
2025-07-09,2025-07-08,True,True
2025-07-10,2025-07-09,True,True
2025-07-11,2025-07-10,True,True
2025-07-14,2025-07-11,True,True
2025-07-15,2025-07-14,True,True
2025-07-16,2025-07-15,True,True
2025-07-17,2025-07-16,True,True
2025-07-18,2025-07-17,True,True
2025-07-21,2025-07-18,True,True
2025-07-22,2025-07-21,True,True
2025-07-23,2025-07-22,True,True
2025-07-24,2025-07-23,True,True
2025-07-25,2025-07-24,True,True
2025-07-28,2025-07-25,True,True
2025-07-29,2025-07-28,True,True
2025-07-30,2025-07-29,True,True
2025-07-31,2025-07-30,True,True
2025-08-01,2025-07-31,True,True
2025-08-04,2025-08-01,True,True
2025-08-05,2025-08-04,True,True
2025-08-06,2025-08-05,True,True
2025-08-07,2025-08-06,True,True
2025-08-08,2025-08-07,True,True
2025-08-11,2025-08-08,True,True
2025-08-12,2025-08-11,True,True
2025-08-13,2025-08-12,True,True
2025-08-14,2025-08-13,True,True
2025-08-15,2025-08-14,True,True
2025-08-18,2025-08-15,True,True
2025-08-19,2025-08-18,True,True
2025-08-20,2025-08-19,True,True
2025-08-21,2025-08-20,True,True
2025-08-22,2025-08-21,True,True
2025-08-25,2025-08-22,True,True
2025-08-26,2025-08-25,True,True
2025-08-27,2025-08-26,True,True
2025-08-28,2025-08-27,True,True
2025-08-29,2025-08-28,True,True
2025-09-01,2025-08-29,True,True
2025-09-02,2025-09-01,True,True
2025-09-03,2025-09-02,True,True
2025-09-04,2025-09-03,True,True
2025-09-05,2025-09-04,True,True
2025-09-08,2025-09-05,True,True
2025-09-09,2025-09-08,True,True
2025-09-10,2025-09-09,True,True
2025-09-11,2025-09-10,True,True
2025-09-12,2025-09-11,True,True
2025-09-15,2025-09-12,True,True
2025-09-16,2025-09-15,True,True
2025-09-17,2025-09-16,True,True
2025-09-18,2025-09-17,True,True
2025-09-19,2025-09-18,True,True
2025-09-22,2025-09-19,True,True
2025-09-23,2025-09-22,True,True
2025-09-24,2025-09-23,True,True
2025-09-25,2025-09-24,True,True
2025-09-26,2025-09-25,True,True
2025-09-29,2025-09-26,True,True
2025-09-30,2025-09-29,True,True
2025-10-09,2025-09-30,True,True
2025-10-10,2025-10-09,True,True
2025-10-13,2025-10-10,True,True
2025-10-14,2025-10-13,True,True
2025-10-15,2025-10-14,True,True
2025-10-16,2025-10-15,True,True
2025-10-17,2025-10-16,True,True
2025-10-20,2025-10-17,True,True
2025-10-21,2025-10-20,True,True
2025-10-22,2025-10-21,True,True
2025-10-23,2025-10-22,True,True
2025-10-24,2025-10-23,True,True
2025-10-27,2025-10-24,True,True
2025-10-28,2025-10-27,True,True
2025-10-29,2025-10-28,True,True
2025-10-30,2025-10-29,True,True
2025-10-31,2025-10-30,True,True
2025-11-03,2025-10-31,True,True
2025-11-04,2025-11-03,True,True
2025-11-05,2025-11-04,True,True
2025-11-06,2025-11-05,True,True
2025-11-07,2025-11-06,True,True
2025-11-10,2025-11-07,True,True
2025-11-11,2025-11-10,True,True
2025-11-12,2025-11-11,True,True
2025-11-13,2025-11-12,True,True
2025-11-14,2025-11-13,True,True
2025-11-17,2025-11-14,True,True
2025-11-18,2025-11-17,True,True
2025-11-19,2025-11-18,True,True
2025-11-20,2025-11-19,True,True
2025-11-21,2025-11-20,True,True
2025-11-24,2025-11-21,True,True
2025-11-25,2025-11-24,True,True
2025-11-26,2025-11-25,True,True
2025-11-27,2025-11-26,True,True
2025-11-28,2025-11-27,True,True
2025-12-01,2025-11-28,True,True
2025-12-02,2025-12-01,True,True
2025-12-03,2025-12-02,True,True
2025-12-04,2025-12-03,True,True
2025-12-05,2025-12-04,True,True
2025-12-08,2025-12-05,True,True
2025-12-09,2025-12-08,True,True
2025-12-10,2025-12-09,True,True
2025-12-11,2025-12-10,True,True
2025-12-12,2025-12-11,True,True
2025-12-15,2025-12-12,True,True
2025-12-16,2025-12-15,True,True
2025-12-17,2025-12-16,True,True
2025-12-18,2025-12-17,True,True
2025-12-19,2025-12-18,True,True
2025-12-22,2025-12-19,True,True
2025-12-23,2025-12-22,True,True
2025-12-24,2025-12-23,True,True
2025-12-25,2025-12-24,True,True
2025-12-26,2025-12-25,True,True
2025-12-29,2025-12-26,True,True
2025-12-30,2025-12-29,True,True
2025-12-31,2025-12-30,True,True
2026-01-05,2025-12-31,True,True
2026-01-06,2026-01-05,True,True
2026-01-07,2026-01-06,True,True
2026-01-08,2026-01-07,True,True
2026-01-09,2026-01-08,True,True
2026-01-12,2026-01-09,True,True
2026-01-13,2026-01-12,True,True
2026-01-14,2026-01-13,True,True
2026-01-15,2026-01-14,True,True
2026-01-16,2026-01-15,True,True
2026-01-19,2026-01-16,True,True
2026-01-20,2026-01-19,True,True
2026-01-21,2026-01-20,True,True
2026-01-22,2026-01-21,True,True
2026-01-23,2026-01-22,True,True
2026-01-26,2026-01-23,True,True
2026-01-27,2026-01-26,True,True
2026-01-28,2026-01-27,True,True
2026-01-29,2026-01-28,True,True
2026-01-30,2026-01-29,True,True
2026-02-02,2026-01-30,True,True
2026-02-03,2026-02-02,True,True
2026-02-04,2026-02-03,True,True
2026-02-05,2026-02-04,True,True
2026-02-06,2026-02-05,True,True
2026-02-09,2026-02-06,True,True
2026-02-10,2026-02-09,True,True
2026-02-11,2026-02-10,True,True
2026-02-12,2026-02-11,True,True
2026-02-13,2026-02-12,True,True
2026-02-24,2026-02-13,True,True
2026-02-25,2026-02-24,True,True
2026-02-26,2026-02-25,True,True
2026-02-27,2026-02-26,True,True
2026-03-02,2026-02-27,True,True
2026-03-03,2026-03-02,True,True
2026-03-04,2026-03-03,True,True
2026-03-05,2026-03-04,True,True
2026-03-06,2026-03-05,True,True
2026-03-09,2026-03-06,True,True
2026-03-10,2026-03-09,True,True
2026-03-11,2026-03-10,True,True
2026-03-12,2026-03-11,True,True
2026-03-13,2026-03-12,True,True
2026-03-16,2026-03-13,True,True
2026-03-17,2026-03-16,True,True
2026-03-18,2026-03-17,True,True
2026-03-19,2026-03-18,True,True
2026-03-20,2026-03-19,True,True
2026-03-23,2026-03-20,True,True
2026-03-24,2026-03-23,True,True
2026-03-25,2026-03-24,True,True
2026-03-26,2026-03-25,True,True
2026-03-27,2026-03-26,True,True
2026-03-30,2026-03-27,True,True
2026-03-31,2026-03-30,True,True
2026-04-01,2026-03-31,True,True
2026-04-02,2026-04-01,True,True
2026-04-03,2026-04-02,True,True
2026-04-07,2026-04-03,True,True
2026-04-08,2026-04-07,True,True
2026-04-09,2026-04-08,True,True
2026-04-10,2026-04-09,True,True
2026-04-13,2026-04-10,True,True
2026-04-14,2026-04-13,True,True
2026-04-15,2026-04-14,True,True
2026-04-16,2026-04-15,True,True
2026-04-17,2026-04-16,True,True
2026-04-20,2026-04-17,True,True
2026-04-21,2026-04-20,True,True
2026-04-22,2026-04-21,True,True
2026-04-23,2026-04-22,True,True
2026-04-24,2026-04-23,True,True
2026-04-27,2026-04-24,True,True
2026-04-28,2026-04-27,True,True
2026-04-29,2026-04-28,True,True
2026-04-30,2026-04-29,True,True
2026-05-06,2026-04-30,True,True
2026-05-07,2026-05-06,True,True
2026-05-08,2026-05-07,True,True
2026-05-11,2026-05-08,True,True
2026-05-12,2026-05-11,True,True
2026-05-13,2026-05-12,True,True
2026-05-14,2026-05-13,True,True
2026-05-15,2026-05-14,True,True
2026-05-18,2026-05-15,True,True
2026-05-19,2026-05-18,True,True
2026-05-20,2026-05-19,True,True
2026-05-21,2026-05-20,True,True
2026-05-22,2026-05-21,True,True
2026-05-25,2026-05-22,True,True
2026-05-26,2026-05-25,True,True
2026-05-27,2026-05-26,True,True
2026-05-28,2026-05-27,True,True
2026-05-29,2026-05-28,True,True
2026-06-01,2026-05-29,True,True
2026-06-02,2026-06-01,True,True
2026-06-03,2026-06-02,True,True
2026-06-04,2026-06-03,True,True
2026-06-05,2026-06-04,True,True
2026-06-08,2026-06-05,True,True
2026-06-09,2026-06-08,True,True
2026-06-10,2026-06-09,True,True
2026-06-11,2026-06-10,True,True
2026-06-12,2026-06-11,True,True
2026-06-15,2026-06-12,True,True
2026-06-16,2026-06-15,True,True
2026-06-17,2026-06-16,True,True
2026-06-18,2026-06-17,True,True
2026-06-22,2026-06-18,True,True
2026-06-23,2026-06-22,True,True
2026-06-24,2026-06-23,True,True
2026-06-25,2026-06-24,True,True
2026-06-26,2026-06-25,True,True
2026-06-29,2026-06-26,True,True
2026-06-30,2026-06-29,True,True
2026-07-01,2026-06-30,True,True
2026-07-02,2026-07-01,True,True
2026-07-03,2026-07-02,True,True
2026-07-06,2026-07-03,True,True
2026-07-07,2026-07-06,True,True
2026-07-08,2026-07-07,True,True
2026-07-09,2026-07-08,True,True
2026-07-10,2026-07-09,True,True
2026-07-13,2026-07-10,True,True
2026-07-14,2026-07-13,True,True
2026-07-15,2026-07-14,True,True
2026-07-16,2026-07-15,True,True
2026-07-17,2026-07-16,True,True
2026-07-20,2026-07-17,True,True
2026-07-21,2026-07-20,True,True
2026-07-22,2026-07-21,True,True
2026-07-23,2026-07-22,True,True
2026-07-24,2026-07-23,True,True
2026-07-27,2026-07-24,True,True
2026-07-28,2026-07-27,True,True
2026-07-29,2026-07-28,True,True
2026-07-30,2026-07-29,True,True
2026-07-31,2026-07-30,True,True
2026-08-03,2026-07-31,True,True
2026-08-04,2026-08-03,True,True
2026-08-05,2026-08-04,True,True
2026-08-06,2026-08-05,True,True
2026-08-07,2026-08-06,True,True
2026-08-10,2026-08-07,True,True
2026-08-11,2026-08-10,True,True
2026-08-12,2026-08-11,True,True
2026-08-13,2026-08-12,True,True
2026-08-14,2026-08-13,True,True
2026-08-17,2026-08-14,True,True
2026-08-18,2026-08-17,True,True
2026-08-19,2026-08-18,True,True
2026-08-20,2026-08-19,True,True
2026-08-21,2026-08-20,True,True
2026-08-24,2026-08-21,True,True
2026-08-25,2026-08-24,True,True
2026-08-26,2026-08-25,True,True
2026-08-27,2026-08-26,True,True
2026-08-28,2026-08-27,True,True
2026-08-31,2026-08-28,True,True
2026-09-01,2026-08-31,True,True
2026-09-02,2026-09-01,True,True
2026-09-03,2026-09-02,True,True
2026-09-04,2026-09-03,True,True
2026-09-07,2026-09-04,True,True
2026-09-08,2026-09-07,True,True
2026-09-09,2026-09-08,True,True
2026-09-10,2026-09-09,True,True
2026-09-11,2026-09-10,True,True
2026-09-14,2026-09-11,True,True
2026-09-15,2026-09-14,True,True
2026-09-16,2026-09-15,True,True
2026-09-17,2026-09-16,True,True
2026-09-18,2026-09-17,True,True
2026-09-21,2026-09-18,True,True
2026-09-22,2026-09-21,True,True
2026-09-23,2026-09-22,True,True
2026-09-24,2026-09-23,True,True
2026-09-28,2026-09-24,True,True
2026-09-29,2026-09-28,True,True
2026-09-30,2026-09-29,True,True
