exec_day,signal_day,holdings_n,expected_sells,actual_sells,expected_buys,actual_buys,blocked_sells,blocked_buys,match
2025-01-02,2024-12-31,0,,,SH688658;SH600548;SZ002911;SH600750;SZ300910;SH600461;SZ002003;SH600323;SH600033;SH688776;SZ002088;SZ000582;SZ002726;SZ002034;SH688598;SZ000543;SH601811;SH605599;SH600269;SZ300627,SH688658;SH600548;SZ002911;SH600750;SZ300910;SH600461;SZ002003;SH600323;SH600033;SH688776;SZ002088;SZ000582;SZ002726;SZ002034;SH688598;SZ000543;SH601811;SH605599;SH600269;SZ300627,,,True
2025-01-03,2025-01-02,20,SZ300627;SZ300910,SZ300627;SZ300910,SZ300049;SZ300663,SZ300049;SZ300663,,,True
2025-01-06,2025-01-03,20,SZ000582;SZ002726,SZ000582;SZ002726,SZ000062;SZ300180,SZ000062;SZ300180,,,True
2025-01-07,2025-01-06,20,SH600750;SZ000543,SH600750;SZ000543,SZ300085;SZ301487,SZ300085;SZ301487,,,True
2025-01-08,2025-01-07,20,SZ002034;SZ002911,SZ002034;SZ002911,SZ000582;SZ301153,SZ000582;SZ301153,,,True
2025-01-09,2025-01-08,20,SZ000582;SZ002003,SZ000582;SZ002003,SZ000503;SZ300773,SZ000503;SZ300773,,,True
2025-01-10,2025-01-09,20,SH605599;SH688776,SH605599;SH688776,SH600246;SZ002777,SH600246;SZ002777,,,True
2025-01-13,2025-01-10,20,SH600461;SH601811,SH600461;SH601811,SZ300366;SH688062,SZ300366;SH688062,,,True
2025-01-14,2025-01-13,20,SH600269;SZ300049,SH600269;SZ300049,SZ300348;SZ300393,SZ300348;SZ300393,,,True
2025-01-15,2025-01-14,20,SH600548;SZ300085,SH600548;SZ300085,SZ000582;SH688639,SZ000582;SH688639,,,True
2025-01-16,2025-01-15,20,SZ002088;SZ300393,SZ002088;SZ300393,SZ002948;SH603337,SZ002948;SH603337,,,True
2025-01-17,2025-01-16,20,SZ000582;SZ300348,SZ000582;SZ300348,SZ002123;SH600459,SZ002123;SH600459,,,True
2025-01-20,2025-01-17,20,SH600323;SZ002123,SH600323;SZ002123,SZ002274;SZ002237,SZ002274;SZ002237,,,True
2025-01-21,2025-01-20,20,SH600459;SZ300663,SH600459;SZ300663,SH603638;SH603075,SH603638;SH603075,,,True
2025-01-22,2025-01-21,20,SZ300180;SZ300773,SZ300180;SZ300773,SH688235;SZ002020,SH688235;SZ002020,,,True
2025-01-23,2025-01-22,20,SZ000503;SZ002948,SZ000503;SZ002948,SH603398;SH600456,SH603398;SH600456,,,True
2025-01-24,2025-01-23,20,SH688658;SZ002020,SH688658;SZ002020,SH601163;SZ002226,SH601163;SZ002226,,,True
2025-01-27,2025-01-24,20,SZ300366;SZ301153,SZ300366;SZ301153,SZ001270;SZ000736,SZ001270;SZ000736,,,True
2025-02-05,2025-01-27,20,SH600246;SH600456,SH600246;SH600456,SZ002583;SZ300068,SZ002583;SZ300068,,,True
2025-02-06,2025-02-05,20,SZ002226;SZ002777,SZ002226;SZ002777,SH600246;SH603636,SH600246;SH603636,,,True
2025-02-07,2025-02-06,20,SH603636;SH603638,SH603636;SH603638,SZ002675;SH688408,SZ002675;SH688408,,,True
2025-02-10,2025-02-07,20,SH688598;SZ000062,SH688598;SZ000062,SH600267;SH601069,SH600267;SH601069,,,True
2025-02-11,2025-02-10,20,SZ002583;SZ301487,SZ002583;SZ301487,SZ301339;SZ300827,SZ301339;SZ300827,,,True
2025-02-12,2025-02-11,20,SH603337;SH688639,SH603337;SH688639,SZ300031;SZ002063,SZ300031;SZ002063,,,True
2025-02-13,2025-02-12,20,SZ002063;SZ300068,SZ002063;SZ300068,SH601886;SZ002990,SH601886;SZ002990,,,True
2025-02-14,2025-02-13,20,SZ002237;SZ300031,SZ002237;SZ300031,SH603888;SZ300770,SH603888;SZ300770,,,True
2025-02-17,2025-02-14,20,SH688235;SZ002990,SH688235;SZ002990,SH688289;SZ000766,SH688289;SZ000766,,,True
2025-02-18,2025-02-17,20,SZ002274;SZ301339,SZ002274;SZ301339,SH600850;SH601921,SH600850;SH601921,,,True
2025-02-19,2025-02-18,20,SH601921;SH688289,SH601921;SH688289,SZ001301;SZ300492,SZ001301;SZ300492,,,True
2025-02-20,2025-02-19,20,SH601069;SZ000766,SH601069;SZ000766,SH688266;SZ300783,SH688266;SZ300783,,,True
2025-02-21,2025-02-20,20,SH600246;SZ300492,SH600246;SZ300492,SZ002011,SZ002011,,SZ002978,True
2025-02-24,2025-02-21,19,SH603888;SH688062,SH603888;SH688062,SH688007;SH688739;SH600812,SH688007;SH688739;SH600812,,,True
2025-02-25,2025-02-24,20,SH600850;SH688739,SH600850;SH688739,SZ300777;SZ301216,SZ300777;SZ301216,,,True
2025-02-26,2025-02-25,20,SZ001270;SZ001301,SZ001270;SZ001301,SH600335;SZ000049,SH600335;SZ000049,,,True
2025-02-27,2025-02-26,20,SH688266;SH688408,SH688266;SH688408,SZ002468;SZ300428,SZ002468;SZ300428,,,True
2025-02-28,2025-02-27,20,SH600812;SZ000736,SH600812;SZ000736,SZ002158;SZ002101,SZ002158;SZ002101,,,True
2025-03-03,2025-02-28,20,SZ000049;SZ002101,SZ000049;SZ002101,SH603690;SZ000488,SH603690;SZ000488,,,True
2025-03-04,2025-03-03,20,SH603690;SZ300783,SH603690;SZ300783,SH688183;SH600882,SH688183;SH600882,,,True
2025-03-05,2025-03-04,20,SH603398;SZ300777,SH603398;SZ300777,SH600315;SH600557,SH600315;SH600557,,,True
2025-03-06,2025-03-05,20,SZ002675;SZ300770,SZ002675;SZ300770,SZ300779;SH688526,SZ300779;SH688526,,,True
2025-03-07,2025-03-06,20,SZ300428;SZ301216,SZ300428;SZ301216,SZ000970;SZ300702,SZ000970;SZ300702,,,True
2025-03-10,2025-03-07,20,SZ002158;SZ300779,SZ002158;SZ300779,SZ300850;SH688266,SZ300850;SH688266,,,True
2025-03-11,2025-03-10,20,SH688266;SZ300827,SH688266;SZ300827,SZ002088;SH688106,SZ002088;SH688106,,,True
2025-03-12,2025-03-11,20,SZ000970;SZ300850,SZ000970;SZ300850,SZ300827;SH600388,SZ300827;SH600388,,,True
2025-03-13,2025-03-12,20,SH600033;SZ000488,SH600033;SZ000488,SZ000603;SZ002237,SZ000603;SZ002237,,,True
2025-03-14,2025-03-13,20,SH688007;SH688526,SH688007;SH688526,SH600459;SH603279,SH600459;SH603279,,,True
2025-03-17,2025-03-14,20,SH600882;SZ000603,SH600882;SZ000603,SH688439;SZ000758,SH688439;SZ000758,,,True
2025-03-18,2025-03-17,20,SH600315;SZ002468,SH600315;SZ002468,SH603877;SH603355,SH603877;SH603355,,,True
2025-03-19,2025-03-18,20,SH688183;SZ002011,SH688183;SZ002011,SZ301217;SZ002773,SZ301217;SZ002773,,,True
2025-03-20,2025-03-19,20,SH603877;SZ301217,SH603877;SZ301217,SZ002233;SZ002626,SZ002233;SZ002626,,,True
2025-03-21,2025-03-20,20,SH601886;SH603355,SH601886;SH603355,SH600987;SH603323,SH600987;SH603323,,,True
2025-03-24,2025-03-21,20,SH600557;SZ300702,SH600557;SZ300702,SH601963;SZ000600,SH601963;SZ000600,,,True
2025-03-25,2025-03-24,20,SH688439;SZ002626,SH688439;SZ002626,SZ000736;SZ002948,SZ000736;SZ002948,,,True
2025-03-26,2025-03-25,20,SZ000758;SZ002237,SZ000758;SZ002237,SZ000968;SH600017,SZ000968;SH600017,,,True
2025-03-27,2025-03-26,20,SH600335;SH603075,SH600335;SH603075,SH600780;SH600138,SH600780;SH600138,,,True
2025-03-28,2025-03-27,20,SH688106;SZ002773,SH688106;SZ002773,SZ000766;SZ002267,SZ000766;SZ002267,,,True
2025-03-31,2025-03-28,20,SH600780;SZ000600,SH600780;SZ000600,SZ301536;SH603398,SZ301536;SH603398,,,True
2025-04-01,2025-03-31,20,SH600267;SZ300827,SH600267;SZ300827,SH601519;SZ000685,SH601519;SZ000685,,,True
2025-04-02,2025-04-01,20,SH600138;SH601519,SH600138;SH601519,SH600757;SH600750,SH600757;SH600750,,,True
2025-04-03,2025-04-02,20,SH600459;SZ002088,SH600459;SZ002088,SZ002901;SH600012,SZ002901;SH600012,,,True
2025-04-07,2025-04-03,20,SH600017;SH603279,SH600017;SH603279,SZ002550;SH600033,SZ002550;SH600033,,,True
2025-04-08,2025-04-07,20,SZ002550;SZ002901,SZ002550;SZ002901,SH688183;SH688498,SH688183;SH688498,,,True
2025-04-09,2025-04-08,20,SZ000968;SZ002233,SZ000968;SZ002233,SH688503;SZ002130,SH688503;SZ002130,,,True
2025-04-10,2025-04-09,20,SH600388;SH600757,SH600388;SH600757,SZ300827;SZ300570,SZ300827;SZ300570,,,True
2025-04-11,2025-04-10,20,SH601163;SZ000736,SH601163;SZ000736,SH603920;SZ300913,SH603920;SZ300913,,,True
2025-04-14,2025-04-11,20,SH600012;SH603323,SH600012;SH603323,SH688408;SZ301171,SH688408;SZ301171,,,True
2025-04-15,2025-04-14,20,SZ000766;SZ301171,SZ000766;SZ301171,SZ300366;SH603305,SZ300366;SH603305,,,True
2025-04-16,2025-04-15,20,SH600750;SZ000685,SH600750;SZ000685,SZ301205;SZ000719,SZ301205;SZ000719,,,True
2025-04-17,2025-04-16,20,SH601963;SH688408,SH601963;SH688408,SH603083;SZ002484,SH603083;SZ002484,,,True
2025-04-18,2025-04-17,20,SH600033;SH600987,SH600033;SH600987,SZ300085;SZ300624,SZ300085;SZ300624,,,True
2025-04-21,2025-04-18,20,SZ000719;SZ300085,SZ000719;SZ300085,SH688408;SH603283,SH688408;SH603283,,,True
2025-04-22,2025-04-21,20,SH603305;SH688498,SH603305;SH688498,SZ300379;SZ300236,SZ300379;SZ300236,,,True
2025-04-23,2025-04-22,20,SZ300827;SZ301205,SZ300827;SZ301205,SZ002214;SZ300679,SZ002214;SZ300679,,,True
2025-04-24,2025-04-23,20,SH688183;SZ300679,SH688183;SZ300679,SH601963;SZ300757,SH601963;SZ300757,,,True
2025-04-25,2025-04-24,20,SZ300236;SZ300379,SZ300236;SZ300379,SZ000736;SZ002837,SZ000736;SZ002837,,,True
2025-04-28,2025-04-25,20,SZ300570,SZ300570,SZ300379;SZ300229,SZ300379;SZ300229,SZ002214,,True
2025-04-29,2025-04-28,21,SZ300913,SZ300913,SZ002581,SZ002581,SZ300379,,True
2025-04-30,2025-04-29,21,SZ002581,SZ002581,SZ002851,SZ002851,SH603398,,True
2025-05-06,2025-04-30,21,SZ002214;SZ300366,SZ002214;SZ300366,,,,SZ000627,True
2025-05-07,2025-05-06,19,SH603398;SZ300379,SH603398;SZ300379,SH600020;SH601515;SZ000089,SH600020;SH601515;SZ000089,,,True
2025-05-08,2025-05-07,20,SH603920;SH688408,SH603920;SH688408,SZ000690;SZ002539,SZ000690;SZ002539,,,True
2025-05-09,2025-05-08,20,SZ002130;SZ300624,SZ002130;SZ300624,SH600475;SZ002588,SH600475;SZ002588,,,True
2025-05-12,2025-05-09,20,SH603083;SZ002484,SH603083;SZ002484,SZ002081;SH603323,SZ002081;SH603323,,,True
2025-05-13,2025-05-12,20,SZ002267;SZ301536,SZ002267;SZ301536,SZ002839;SH601718,SZ002839;SH601718,,,True
2025-05-14,2025-05-13,20,SH601963;SH688503,SH601963;SH688503,SZ000968;SZ300492,SZ000968;SZ300492,,,True
2025-05-15,2025-05-14,20,SH601515;SZ002837,SH601515;SZ002837,SH601208;SH600269,SH601208;SH600269,,,True
2025-05-16,2025-05-15,20,SZ000736;SZ300229,SZ000736;SZ300229,SH600057;SH601528,SH600057;SH601528,,,True
2025-05-19,2025-05-16,20,SZ002851;SZ300757,SZ002851;SZ300757,SZ002936;SZ002511,SZ002936;SZ002511,,,True
2025-05-20,2025-05-19,20,SH603283;SZ002539,SH603283;SZ002539,SZ000650;SH603398,SZ000650;SH603398,,,True
2025-05-21,2025-05-20,20,SZ000089;SZ002511,SZ000089;SZ002511,SH600323;SH601963,SH600323;SH601963,,,True
2025-05-22,2025-05-21,20,SH601208;SH603398,SH601208;SH603398,SZ000030;SZ000089,SZ000030;SZ000089,,,True
2025-05-23,2025-05-22,20,SH600475;SH601718,SH600475;SH601718,SH605090;SZ002511,SH605090;SZ002511,,,True
2025-05-26,2025-05-23,20,SZ000030;SZ002936,SZ000030;SZ002936,SZ002317;SH603997,SZ002317;SH603997,,,True
2025-05-27,2025-05-26,20,SH601963;SZ002317,SH601963;SZ002317,SH601107;SZ002275,SH601107;SZ002275,,,True
2025-05-28,2025-05-27,20,SZ002948;SZ300492,SZ002948;SZ300492,SH603699;SZ000029,SH603699;SZ000029,,,True
2025-05-29,2025-05-28,20,SH603699;SZ000690,SH603699;SZ000690,SZ002516;SH600908,SZ002516;SH600908,,,True
2025-05-30,2025-05-29,20,SH601107;SZ000029,SH601107;SZ000029,SH601033;SZ002807,SH601033;SZ002807,,,True
2025-06-03,2025-05-30,20,SH601033;SZ002511,SH601033;SZ002511,SH601187;SH603393,SH601187;SH603393,,,True
2025-06-04,2025-06-03,20,SZ000089;SZ002275,SZ000089;SZ002275,SZ002461;SH600064,SZ002461;SH600064,,,True
2025-06-05,2025-06-04,20,SH601528;SZ000968,SH601528;SZ000968,SH601827;SZ002332,SH601827;SZ002332,,,True
2025-06-06,2025-06-05,20,SH600057;SH603997,SH600057;SH603997,SH603132;SH601528,SH603132;SH601528,,,True
2025-06-09,2025-06-06,20,SH603132;SZ000650,SH603132;SZ000650,SZ002327;SZ002060,SZ002327;SZ002060,,,True
2025-06-10,2025-06-09,20,SZ002327;SZ002461,SZ002327;SZ002461,SH688739;SH605589,SH688739;SH605589,,,True
2025-06-11,2025-06-10,20,SH600064;SH605589,SH600064;SH605589,SZ000650;SZ002349,SZ000650;SZ002349,,,True
2025-06-12,2025-06-11,20,SZ002332;SZ002349,SZ002332;SZ002349,SZ300770;SZ002174,SZ300770;SZ002174,,,True
2025-06-13,2025-06-12,20,SH605090;SZ002588,SH605090;SZ002588,SH603699;SZ000758,SH603699;SZ000758,,,True
2025-06-16,2025-06-13,20,SH601827;SZ300770,SH601827;SZ300770,SH603132;SZ002545,SH603132;SZ002545,,,True
2025-06-17,2025-06-16,20,SZ000758;SZ002174,SZ000758;SZ002174,SH601107;SH601369,SH601107;SH601369,,,True
2025-06-18,2025-06-17,20,SH688739;SZ002545,SH688739;SZ002545,SH600328;SH601860,SH600328;SH601860,,,True
2025-06-19,2025-06-18,20,SH600328;SZ000650,SH600328;SZ000650,SH603612;SH688027,SH603612;SH688027,,,True
2025-06-20,2025-06-19,20,SH603393;SH603612,SH603393;SH603612,SH600012;SH600502,SH600012;SH600502,,,True
2025-06-23,2025-06-20,20,SH601187;SH688027,SH601187;SH688027,SH601963;SZ000498,SH601963;SZ000498,,,True
2025-06-24,2025-06-23,20,SH603132;SZ002839,SH603132;SZ002839,SH605365;SZ002270,SH605365;SZ002270,,,True
2025-06-25,2025-06-24,20,SH603323;SH603699,SH603323;SH603699,SH601200;SH600114,SH601200;SH600114,,,True
2025-06-26,2025-06-25,20,SH605365;SZ002270,SH605365;SZ002270,SH603323;SH603301,SH603323;SH603301,,,True
2025-06-27,2025-06-26,20,SH601528;SH601963,SH601528;SH601963,SZ002221;SH688066,SZ002221;SH688066,,,True
2025-06-30,2025-06-27,20,SH600012;SH601860,SH600012;SH601860,SZ300236;SZ002643,SZ300236;SZ002643,,,True
2025-07-01,2025-06-30,20,,,SZ000049;SH603327,SZ000049;SH603327,SH603301;SH688066,,True
2025-07-02,2025-07-01,22,,,,,SH603301;SH688066,,True
2025-07-03,2025-07-02,22,,,,,SH603301;SH688066,,True
2025-07-04,2025-07-03,22,,,,,SH603301;SH688066,,True
2025-07-07,2025-07-04,22,,,,,SH603301;SH688066,,True
2025-07-08,2025-07-07,22,,,,,SH603301;SH688066,,True
2025-07-09,2025-07-08,22,,,,,SH603301;SH688066,,True
2025-07-10,2025-07-09,22,,,,,SH603301;SH688066,,True
2025-07-11,2025-07-10,22,,,,,SH603301;SH688066,,True
2025-07-14,2025-07-11,22,,,,,SH603301;SH688066,,True
2025-07-15,2025-07-14,22,,,,,SH603301;SH688066,,True
2025-07-16,2025-07-15,22,,,,,SH603301;SH688066,,True
2025-07-17,2025-07-16,22,,,,,SH603301;SH688066,,True
2025-07-18,2025-07-17,22,,,,,SH603301;SH688066,,True
2025-07-21,2025-07-18,22,,,,,SH603301;SH688066,,True
2025-07-22,2025-07-21,22,,,,,SH603301;SH688066,,True
2025-07-23,2025-07-22,22,,,,,SH603301;SH688066,,True
2025-07-24,2025-07-23,22,,,,,SH603301;SH688066,,True
2025-07-25,2025-07-24,22,,,,,SH603301;SH688066,,True
2025-07-28,2025-07-25,22,,,,,SH603301;SH688066,,True
2025-07-29,2025-07-28,22,,,,,SH603301;SH688066,,True
2025-07-30,2025-07-29,22,,,,,SH603301;SH688066,,True
2025-07-31,2025-07-30,22,,,,,SH603301;SH688066,,True
2025-08-01,2025-07-31,22,,,,,SH603301;SH688066,,True
2025-08-04,2025-08-01,22,,,,,SH603301;SH688066,,True
2025-08-05,2025-08-04,22,,,,,SH603301;SH688066,,True
2025-08-06,2025-08-05,22,,,,,SH603301;SH688066,,True
2025-08-07,2025-08-06,22,,,,,SH603301;SH688066,,True
2025-08-08,2025-08-07,22,,,,,SH603301;SH688066,,True
2025-08-11,2025-08-08,22,,,,,SH603301;SH688066,,True
2025-08-12,2025-08-11,22,,,,,SH603301;SH688066,,True
2025-08-13,2025-08-12,22,,,,,SH603301;SH688066,,True
2025-08-14,2025-08-13,22,,,,,SH603301;SH688066,,True
2025-08-15,2025-08-14,22,,,,,SH603301;SH688066,,True
2025-08-18,2025-08-15,22,,,,,SH603301;SH688066,,True
2025-08-19,2025-08-18,22,,,,,SH603301;SH688066,,True
2025-08-20,2025-08-19,22,,,,,SH603301;SH688066,,True
2025-08-21,2025-08-20,22,,,,,SH603301;SH688066,,True
2025-08-22,2025-08-21,22,,,,,SH603301;SH688066,,True
2025-08-25,2025-08-22,22,,,,,SH603301;SH688066,,True
2025-08-26,2025-08-25,22,,,,,SH603301;SH688066,,True
2025-08-27,2025-08-26,22,,,,,SH603301;SH688066,,True
2025-08-28,2025-08-27,22,,,,,SH603301;SH688066,,True
2025-08-29,2025-08-28,22,,,,,SH603301;SH688066,,True
2025-09-01,2025-08-29,22,,,,,SH603301;SH688066,,True
2025-09-02,2025-09-01,22,,,,,SH603301;SH688066,,True
2025-09-03,2025-09-02,22,,,,,SH603301;SH688066,,True
2025-09-04,2025-09-03,22,,,,,SH603301;SH688066,,True
2025-09-05,2025-09-04,22,,,,,SH603301;SH688066,,True
2025-09-08,2025-09-05,22,,,,,SH603301;SH688066,,True
2025-09-09,2025-09-08,22,,,,,SH603301;SH688066,,True
2025-09-10,2025-09-09,22,,,,,SH603301;SH688066,,True
2025-09-11,2025-09-10,22,,,,,SH603301;SH688066,,True
2025-09-12,2025-09-11,22,,,,,SH603301;SH688066,,True
2025-09-15,2025-09-12,22,,,,,SH603301;SH688066,,True
2025-09-16,2025-09-15,22,,,,,SH603301;SH688066,,True
2025-09-17,2025-09-16,22,,,,,SH603301;SH688066,,True
2025-09-18,2025-09-17,22,,,,,SH603301;SH688066,,True
2025-09-19,2025-09-18,22,,,,,SH603301;SH688066,,True
2025-09-22,2025-09-19,22,,,,,SH603301;SH688066,,True
2025-09-23,2025-09-22,22,,,,,SH603301;SH688066,,True
2025-09-24,2025-09-23,22,,,,,SH603301;SH688066,,True
2025-09-25,2025-09-24,22,,,,,SH603301;SH688066,,True
2025-09-26,2025-09-25,22,,,,,SH603301;SH688066,,True
2025-09-29,2025-09-26,22,,,,,SH603301;SH688066,,True
2025-09-30,2025-09-29,22,,,,,SH603301;SH688066,,True
2025-10-09,2025-09-30,22,,,,,SH603301;SH688066,,True
2025-10-10,2025-10-09,22,,,,,SH603301;SH688066,,True
2025-10-13,2025-10-10,22,,,,,SH603301;SH688066,,True
2025-10-14,2025-10-13,22,,,,,SH603301;SH688066,,True
2025-10-15,2025-10-14,22,,,,,SH603301;SH688066,,True
2025-10-16,2025-10-15,22,,,,,SH603301;SH688066,,True
2025-10-17,2025-10-16,22,,,,,SH603301;SH688066,,True
2025-10-20,2025-10-17,22,,,,,SH603301;SH688066,,True
2025-10-21,2025-10-20,22,,,,,SH603301;SH688066,,True
2025-10-22,2025-10-21,22,,,,,SH603301;SH688066,,True
2025-10-23,2025-10-22,22,,,,,SH603301;SH688066,,True
2025-10-24,2025-10-23,22,,,,,SH603301;SH688066,,True
2025-10-27,2025-10-24,22,,,,,SH603301;SH688066,,True
2025-10-28,2025-10-27,22,,,,,SH603301;SH688066,,True
2025-10-29,2025-10-28,22,,,,,SH603301;SH688066,,True
2025-10-30,2025-10-29,22,,,,,SH603301;SH688066,,True
2025-10-31,2025-10-30,22,,,,,SH603301;SH688066,,True
2025-11-03,2025-10-31,22,,,,,SH603301;SH688066,,True
2025-11-04,2025-11-03,22,,,,,SH603301;SH688066,,True
2025-11-05,2025-11-04,22,,,,,SH603301;SH688066,,True
2025-11-06,2025-11-05,22,,,,,SH603301;SH688066,,True
2025-11-07,2025-11-06,22,,,,,SH603301;SH688066,,True
2025-11-10,2025-11-07,22,,,,,SH603301;SH688066,,True
2025-11-11,2025-11-10,22,,,,,SH603301;SH688066,,True
2025-11-12,2025-11-11,22,,,,,SH603301;SH688066,,True
2025-11-13,2025-11-12,22,,,,,SH603301;SH688066,,True
2025-11-14,2025-11-13,22,,,,,SH603301;SH688066,,True
2025-11-17,2025-11-14,22,,,,,SH603301;SH688066,,True
2025-11-18,2025-11-17,22,,,,,SH603301;SH688066,,True
2025-11-19,2025-11-18,22,,,,,SH603301;SH688066,,True
2025-11-20,2025-11-19,22,,,,,SH603301;SH688066,,True
2025-11-21,2025-11-20,22,,,,,SH603301;SH688066,,True
2025-11-24,2025-11-21,22,,,,,SH603301;SH688066,,True
2025-11-25,2025-11-24,22,,,,,SH603301;SH688066,,True
2025-11-26,2025-11-25,22,,,,,SH603301;SH688066,,True
2025-11-27,2025-11-26,22,,,,,SH603301;SH688066,,True
2025-11-28,2025-11-27,22,,,,,SH603301;SH688066,,True
2025-12-01,2025-11-28,22,,,,,SH603301;SH688066,,True
2025-12-02,2025-12-01,22,,,,,SH603301;SH688066,,True
2025-12-03,2025-12-02,22,,,,,SH603301;SH688066,,True
2025-12-04,2025-12-03,22,,,,,SH603301;SH688066,,True
2025-12-05,2025-12-04,22,,,,,SH603301;SH688066,,True
2025-12-08,2025-12-05,22,,,,,SH603301;SH688066,,True
2025-12-09,2025-12-08,22,,,,,SH603301;SH688066,,True
2025-12-10,2025-12-09,22,,,,,SH603301;SH688066,,True
2025-12-11,2025-12-10,22,,,,,SH603301;SH688066,,True
2025-12-12,2025-12-11,22,,,,,SH603301;SH688066,,True
2025-12-15,2025-12-12,22,,,,,SH603301;SH688066,,True
2025-12-16,2025-12-15,22,,,,,SH603301;SH688066,,True
2025-12-17,2025-12-16,22,,,,,SH603301;SH688066,,True
2025-12-18,2025-12-17,22,,,,,SH603301;SH688066,,True
2025-12-19,2025-12-18,22,,,,,SH603301;SH688066,,True
2025-12-22,2025-12-19,22,,,,,SH603301;SH688066,,True
2025-12-23,2025-12-22,22,,,,,SH603301;SH688066,,True
2025-12-24,2025-12-23,22,,,,,SH603301;SH688066,,True
2025-12-25,2025-12-24,22,,,,,SH603301;SH688066,,True
2025-12-26,2025-12-25,22,,,,,SH603301;SH688066,,True
2025-12-29,2025-12-26,22,,,,,SH603301;SH688066,,True
2025-12-30,2025-12-29,22,,,,,SH603301;SH688066,,True
2025-12-31,2025-12-30,22,,,,,SH603301;SH688066,,True
2026-01-05,2025-12-31,22,,,,,SH603301;SH688066,,True
2026-01-06,2026-01-05,22,,,,,SH603301;SH688066,,True
2026-01-07,2026-01-06,22,,,,,SH603301;SH688066,,True
2026-01-08,2026-01-07,22,,,,,SH603301;SH688066,,True
2026-01-09,2026-01-08,22,,,,,SH603301;SH688066,,True
2026-01-12,2026-01-09,22,,,,,SH603301;SH688066,,True
2026-01-13,2026-01-12,22,,,,,SH603301;SH688066,,True
2026-01-14,2026-01-13,22,,,,,SH603301;SH688066,,True
2026-01-15,2026-01-14,22,,,,,SH603301;SH688066,,True
2026-01-16,2026-01-15,22,,,,,SH603301;SH688066,,True
2026-01-19,2026-01-16,22,,,,,SH603301;SH688066,,True
2026-01-20,2026-01-19,22,,,,,SH603301;SH688066,,True
2026-01-21,2026-01-20,22,,,,,SH603301;SH688066,,True
2026-01-22,2026-01-21,22,,,,,SH603301;SH688066,,True
2026-01-23,2026-01-22,22,,,,,SH603301;SH688066,,True
2026-01-26,2026-01-23,22,,,,,SH603301;SH688066,,True
2026-01-27,2026-01-26,22,,,,,SH603301;SH688066,,True
2026-01-28,2026-01-27,22,,,,,SH603301;SH688066,,True
2026-01-29,2026-01-28,22,,,,,SH603301;SH688066,,True
2026-01-30,2026-01-29,22,,,,,SH603301;SH688066,,True
2026-02-02,2026-01-30,22,,,,,SH603301;SH688066,,True
2026-02-03,2026-02-02,22,,,,,SH603301;SH688066,,True
2026-02-04,2026-02-03,22,,,,,SH603301;SH688066,,True
2026-02-05,2026-02-04,22,,,,,SH603301;SH688066,,True
2026-02-06,2026-02-05,22,,,,,SH603301;SH688066,,True
2026-02-09,2026-02-06,22,,,,,SH603301;SH688066,,True
2026-02-10,2026-02-09,22,,,,,SH603301;SH688066,,True
2026-02-11,2026-02-10,22,,,,,SH603301;SH688066,,True
2026-02-12,2026-02-11,22,,,,,SH603301;SH688066,,True
2026-02-13,2026-02-12,22,,,,,SH603301;SH688066,,True
2026-02-24,2026-02-13,22,,,,,SH603301;SH688066,,True
2026-02-25,2026-02-24,22,,,,,SH603301;SH688066,,True
2026-02-26,2026-02-25,22,,,,,SH603301;SH688066,,True
2026-02-27,2026-02-26,22,,,,,SH603301;SH688066,,True
2026-03-02,2026-02-27,22,,,,,SH603301;SH688066,,True
2026-03-03,2026-03-02,22,,,,,SH603301;SH688066,,True
2026-03-04,2026-03-03,22,,,,,SH603301;SH688066,,True
2026-03-05,2026-03-04,22,,,,,SH603301;SH688066,,True
2026-03-06,2026-03-05,22,,,,,SH603301;SH688066,,True
2026-03-09,2026-03-06,22,,,,,SH603301;SH688066,,True
2026-03-10,2026-03-09,22,,,,,SH603301;SH688066,,True
2026-03-11,2026-03-10,22,,,,,SH603301;SH688066,,True
2026-03-12,2026-03-11,22,,,,,SH603301;SH688066,,True
2026-03-13,2026-03-12,22,,,,,SH603301;SH688066,,True
2026-03-16,2026-03-13,22,,,,,SH603301;SH688066,,True
2026-03-17,2026-03-16,22,,,,,SH603301;SH688066,,True
2026-03-18,2026-03-17,22,,,,,SH603301;SH688066,,True
2026-03-19,2026-03-18,22,,,,,SH603301;SH688066,,True
2026-03-20,2026-03-19,22,,,,,SH603301;SH688066,,True
2026-03-23,2026-03-20,22,,,,,SH603301;SH688066,,True
2026-03-24,2026-03-23,22,,,,,SH603301;SH688066,,True
2026-03-25,2026-03-24,22,,,,,SH603301;SH688066,,True
2026-03-26,2026-03-25,22,,,,,SH603301;SH688066,,True
2026-03-27,2026-03-26,22,,,,,SH603301;SH688066,,True
2026-03-30,2026-03-27,22,,,,,SH603301;SH688066,,True
2026-03-31,2026-03-30,22,,,,,SH603301;SH688066,,True
2026-04-01,2026-03-31,22,,,,,SH603301;SH688066,,True
2026-04-02,2026-04-01,22,,,,,SH603301;SH688066,,True
2026-04-03,2026-04-02,22,,,,,SH603301;SH688066,,True
2026-04-07,2026-04-03,22,,,,,SH603301;SH688066,,True
2026-04-08,2026-04-07,22,,,,,SH603301;SH688066,,True
2026-04-09,2026-04-08,22,,,,,SH603301;SH688066,,True
2026-04-10,2026-04-09,22,,,,,SH603301;SH688066,,True
2026-04-13,2026-04-10,22,,,,,SH603301;SH688066,,True
2026-04-14,2026-04-13,22,,,,,SH603301;SH688066,,True
2026-04-15,2026-04-14,22,,,,,SH603301;SH688066,,True
2026-04-16,2026-04-15,22,,,,,SH603301;SH688066,,True
2026-04-17,2026-04-16,22,,,,,SH603301;SH688066,,True
2026-04-20,2026-04-17,22,,,,,SH603301;SH688066,,True
2026-04-21,2026-04-20,22,,,,,SH603301;SH688066,,True
2026-04-22,2026-04-21,22,,,,,SH603301;SH688066,,True
2026-04-23,2026-04-22,22,,,,,SH603301;SH688066,,True
2026-04-24,2026-04-23,22,,,,,SH603301;SH688066,,True
2026-04-27,2026-04-24,22,,,,,SH603301;SH688066,,True
2026-04-28,2026-04-27,22,,,,,SH603301;SH688066,,True
2026-04-29,2026-04-28,22,,,,,SH603301;SH688066,,True
2026-04-30,2026-04-29,22,,,,,SH603301;SH688066,,True
2026-05-06,2026-04-30,22,,,,,SH603301;SH688066,,True
2026-05-07,2026-05-06,22,,,,,SH603301;SH688066,,True
2026-05-08,2026-05-07,22,,,,,SH603301;SH688066,,True
2026-05-11,2026-05-08,22,,,,,SH603301;SH688066,,True
2026-05-12,2026-05-11,22,,,,,SH603301;SH688066,,True
2026-05-13,2026-05-12,22,,,,,SH603301;SH688066,,True
2026-05-14,2026-05-13,22,,,,,SH603301;SH688066,,True
2026-05-15,2026-05-14,22,,,,,SH603301;SH688066,,True
2026-05-18,2026-05-15,22,,,,,SH603301;SH688066,,True
2026-05-19,2026-05-18,22,,,,,SH603301;SH688066,,True
2026-05-20,2026-05-19,22,,,,,SH603301;SH688066,,True
2026-05-21,2026-05-20,22,,,,,SH603301;SH688066,,True
2026-05-22,2026-05-21,22,,,,,SH603301;SH688066,,True
2026-05-25,2026-05-22,22,,,,,SH603301;SH688066,,True
2026-05-26,2026-05-25,22,,,,,SH603301;SH688066,,True
2026-05-27,2026-05-26,22,,,,,SH603301;SH688066,,True
2026-05-28,2026-05-27,22,,,,,SH603301;SH688066,,True
2026-05-29,2026-05-28,22,,,,,SH603301;SH688066,,True
2026-06-01,2026-05-29,22,,,,,SH603301;SH688066,,True
2026-06-02,2026-06-01,22,,,,,SH603301;SH688066,,True
2026-06-03,2026-06-02,22,,,,,SH603301;SH688066,,True
2026-06-04,2026-06-03,22,,,,,SH603301;SH688066,,True
2026-06-05,2026-06-04,22,,,,,SH603301;SH688066,,True
2026-06-08,2026-06-05,22,,,,,SH603301;SH688066,,True
2026-06-09,2026-06-08,22,,,,,SH603301;SH688066,,True
2026-06-10,2026-06-09,22,,,,,SH603301;SH688066,,True
2026-06-11,2026-06-10,22,,,,,SH603301;SH688066,,True
2026-06-12,2026-06-11,22,,,,,SH603301;SH688066,,True
2026-06-15,2026-06-12,22,,,,,SH603301;SH688066,,True
2026-06-16,2026-06-15,22,,,,,SH603301;SH688066,,True
2026-06-17,2026-06-16,22,,,,,SH603301;SH688066,,True
2026-06-18,2026-06-17,22,,,,,SH603301;SH688066,,True
2026-06-22,2026-06-18,22,,,,,SH603301;SH688066,,True
2026-06-23,2026-06-22,22,,,,,SH603301;SH688066,,True
2026-06-24,2026-06-23,22,,,,,SH603301;SH688066,,True
2026-06-25,2026-06-24,22,,,,,SH603301;SH688066,,True
2026-06-26,2026-06-25,22,,,,,SH603301;SH688066,,True
2026-06-29,2026-06-26,22,,,,,SH603301;SH688066,,True
2026-06-30,2026-06-29,22,SH603301,SH603301,,,SH688066,,True
2026-07-01,2026-06-30,21,,,SZ000603,SZ000603,SH600020;SH688066,,True
2026-07-02,2026-07-01,22,,,,,SH600020;SH688066,,True
2026-07-03,2026-07-02,22,,,,,SH600020;SH688066,,True
2026-07-06,2026-07-03,22,,,,,SH600020;SH688066,,True
2026-07-07,2026-07-06,22,,,,,SH600020;SH688066,,True
2026-07-08,2026-07-07,22,,,,,SH600020;SH688066,,True
2026-07-09,2026-07-08,22,,,,,SH600020;SH688066,,True
2026-07-10,2026-07-09,22,,,,,SH600020;SH688066,,True
2026-07-13,2026-07-10,22,,,,,SH600020;SH688066,,True
2026-07-14,2026-07-13,22,,,,,SH600020;SH688066,,True
2026-07-15,2026-07-14,22,,,,,SH600020;SH688066,,True
2026-07-16,2026-07-15,22,,,,,SH600020;SH688066,,True
2026-07-17,2026-07-16,22,,,,,SH600020;SH688066,,True
2026-07-20,2026-07-17,22,,,,,SH600020;SH688066,,True
2026-07-21,2026-07-20,22,,,,,SH600020;SH688066,,True
2026-07-22,2026-07-21,22,,,,,SH600020;SH688066,,True
2026-07-23,2026-07-22,22,,,,,SH600020;SH688066,,True
2026-07-24,2026-07-23,22,,,,,SH600020;SH688066,,True
2026-07-27,2026-07-24,22,,,,,SH600020;SH688066,,True
2026-07-28,2026-07-27,22,,,,,SH600020;SH688066,,True
2026-07-29,2026-07-28,22,,,,,SH600020;SH688066,,True
2026-07-30,2026-07-29,22,,,,,SH600020;SH688066,,True
2026-07-31,2026-07-30,22,,,,,SH600020;SH688066,,True
2026-08-03,2026-07-31,22,,,,,SH600020;SH688066,,True
2026-08-04,2026-08-03,22,,,,,SH600020;SH688066,,True
2026-08-05,2026-08-04,22,,,,,SH600020;SH688066,,True
2026-08-06,2026-08-05,22,,,,,SH600020;SH688066,,True
2026-08-07,2026-08-06,22,,,,,SH600020;SH688066,,True
2026-08-10,2026-08-07,22,,,,,SH600020;SH688066,,True
2026-08-11,2026-08-10,22,,,,,SH600020;SH688066,,True
2026-08-12,2026-08-11,22,,,,,SH600020;SH688066,,True
2026-08-13,2026-08-12,22,,,,,SH600020;SH688066,,True
2026-08-14,2026-08-13,22,,,,,SH600020;SH688066,,True
2026-08-17,2026-08-14,22,,,,,SH600020;SH688066,,True
2026-08-18,2026-08-17,22,,,,,SH600020;SH688066,,True
2026-08-19,2026-08-18,22,,,,,SH600020;SH688066,,True
2026-08-20,2026-08-19,22,,,,,SH600020;SH688066,,True
2026-08-21,2026-08-20,22,,,,,SH600020;SH688066,,True
2026-08-24,2026-08-21,22,,,,,SH600020;SH688066,,True
2026-08-25,2026-08-24,22,,,,,SH600020;SH688066,,True
2026-08-26,2026-08-25,22,,,,,SH600020;SH688066,,True
2026-08-27,2026-08-26,22,,,,,SH600020;SH688066,,True
2026-08-28,2026-08-27,22,,,,,SH600020;SH688066,,True
2026-08-31,2026-08-28,22,,,,,SH600020;SH688066,,True
2026-09-01,2026-08-31,22,,,,,SH600020;SH688066,,True
2026-09-02,2026-09-01,22,,,,,SH600020;SH688066,,True
2026-09-03,2026-09-02,22,,,,,SH600020;SH688066,,True
2026-09-04,2026-09-03,22,,,,,SH600020;SH688066,,True
2026-09-07,2026-09-04,22,,,,,SH600020;SH688066,,True
2026-09-08,2026-09-07,22,,,,,SH600020;SH688066,,True
2026-09-09,2026-09-08,22,,,,,SH600020;SH688066,,True
2026-09-10,2026-09-09,22,,,,,SH600020;SH688066,,True
2026-09-11,2026-09-10,22,,,,,SH600020;SH688066,,True
2026-09-14,2026-09-11,22,,,,,SH600020;SH688066,,True
2026-09-15,2026-09-14,22,,,,,SH600020;SH688066,,True
2026-09-16,2026-09-15,22,,,,,SH600020;SH688066,,True
2026-09-17,2026-09-16,22,,,,,SH600020;SH688066,,True
2026-09-18,2026-09-17,22,,,,,SH600020;SH688066,,True
2026-09-21,2026-09-18,22,,,,,SH600020;SH688066,,True
2026-09-22,2026-09-21,22,,,,,SH600020;SH688066,,True
2026-09-23,2026-09-22,22,,,,,SH600020;SH688066,,True
2026-09-24,2026-09-23,22,,,,,SH600020;SH688066,,True
2026-09-28,2026-09-24,22,,,,,SH600020;SH688066,,True
2026-09-29,2026-09-28,22,,,,,SH600020;SH688066,,True
2026-09-30,2026-09-29,22,,,,,SH600020;SH688066,,True
