date,stock,side,requested_qty,filled_qty,open_adj,factor,open_raw,prev_close_adj,tradable,block_reason,fee_cny,turnover_cny,factor_match,lot_ok
2025-01-02,SH688658,buy,9256268.887309154,9256268.887309154,0.5130706429481506,0.035262588411569595,14.54999947706088,0.508217453956604,True,,2374.5599146563354,4749119.829312671,True,True
2025-01-02,SH600548,buy,785095.6154123425,785095.6154123425,6.049375534057617,0.45077311992645264,13.420000587090515,6.0764617919921875,True,,2374.6691038856666,4749338.207771333,True,True
2025-01-02,SZ002911,buy,2757740.6840103916,2757740.6840103916,1.7219879627227783,0.13764891028404236,12.5100006906659,1.739910364151001,True,,2374.398131088388,4748796.262176775,True,True
2025-01-02,SH600750,buy,300697.3793157802,300697.3793157802,15.794816970825195,0.6897299885749817,22.900000337027706,15.656916618347168,True,,2374.730034949773,4749460.069899546,True,True
2025-01-02,SZ300910,buy,5117143.221375328,5117143.221375328,0.9280510544776917,0.019893912598490715,46.65000159637274,0.9466990232467651,True,,2374.4850812553723,4748970.162510744,True,True
2025-01-02,SH600461,buy,905780.5830149397,905780.5830149397,5.243140697479248,0.5269488096237183,9.950000079178945,5.2439961433410645,True,,2374.5675188960554,4749135.037792111,True,True
2025-01-02,SZ002003,buy,233629.15504863087,233629.15504863087,20.32914161682129,1.429616093635559,14.220000535335075,20.257352828979492,True,,2374.740089400958,4749480.178801916,True,True
2025-01-02,SH600323,buy,685036.6681929337,685036.6681929337,6.933394908905029,0.2934149503707886,23.629998744587812,6.930775165557861,True,,2374.814873831075,4749629.74766215,True,True
2025-01-02,SH600033,buy,1256282.023952038,1256282.023952038,3.7807202339172363,0.9769303202629089,3.8699998920084484,3.789830446243286,True,,2374.825433730984,4749650.867461968,True,True
2025-01-02,SH688776,buy,9737553.414653592,9737553.414653592,0.4875704050064087,0.010279789566993713,47.42999862291898,0.48658502101898193,True,,2373.8714310770947,4747742.8621541895,True,True
2025-01-02,SZ002088,buy,1473357.7771001623,1473357.7771001623,3.223893165588379,0.2516700327396393,12.810000183548272,3.218918800354004,True,,2374.97403402985,4749948.0680597,True,True
2025-01-02,SZ000582,buy,2654743.706389039,2654743.706389039,1.7889771461486816,0.22702756524085999,7.879999700700243,1.7892544269561768,True,,2374.6379098060183,4749275.819612036,True,True
2025-01-02,SZ002726,buy,1822120.069282913,1822120.069282913,2.6065680980682373,0.32994532585144043,7.900000072260026,2.6127660274505615,True,,2374.740021721364,4749480.043442728,True,True
2025-01-02,SZ002034,buy,883183.2630486821,883183.2630486821,5.377529621124268,0.34828558564186096,15.440000513411814,5.398351669311523,True,,2374.672078962737,4749344.1579254735,True,True
2025-01-02,SH688598,buy,9273393.450790014,9273393.450790014,0.5120131969451904,0.02438158169388771,20.999999236044168,0.5134719014167786,True,,2374.0499136347935,4748099.827269587,True,True
2025-01-02,SZ000543,buy,1002619.0698441212,1002619.0698441212,4.736843585968018,0.6034196019172668,7.849999520926191,4.773794651031494,True,,2374.624855080173,4749249.710160346,True,True
2025-01-02,SH601811,buy,2346043.5306874947,2346043.5306874947,2.02465558052063,0.1263829916715622,16.020000426815372,2.002926826477051,True,,2374.9650632753787,4749930.126550757,True,True
2025-01-02,SH605599,buy,5262447.25276669,5262447.25276669,0.9025641083717346,0.0783475786447525,11.52000003043088,0.8888888955116272,True,,2374.848006273326,4749696.012546652,True,True
2025-01-02,SH600269,buy,1099107.472589145,1099107.472589145,4.3216471672058105,0.7648933529853821,5.649999637646743,4.291011333465576,True,,2374.977347684808,4749954.695369616,True,True
2025-01-02,SZ300627,buy,503194.79395127046,503194.79395127046,9.434914588928223,0.22734734416007996,41.49999914793332,9.503534317016602,True,,2373.799951261786,4747599.902523573,True,True
2025-01-03,SZ300627,sell,503194.79395127046,503194.79395127046,8.75297737121582,0.22735005617141724,38.500000917599316,8.721043586730957,True,,6606.678967153617,4404452.644769078,True,True
2025-01-03,SZ300910,sell,5117143.221375328,5117143.221375328,0.9121354222297668,0.01989390142261982,45.85000211133288,0.912135899066925,True,,7001.29138925906,4667527.592839373,True,True
2025-01-03,SZ300049,buy,2046754.7304601504,2046754.7304601504,3.2542383670806885,0.10607035458087921,30.67999894918155,3.242415428161621,True,,3330.3138859336573,6660627.771867314,True,True
2025-01-03,SZ300663,buy,1222555.2205271511,1222555.2205271511,5.449212074279785,0.32301199436187744,16.86999916224446,5.433619976043701,True,,3330.981334585169,6661962.669170338,True,True
2025-01-06,SZ000582,sell,2654743.706389039,2654743.706389039,1.7937812805175781,0.22706091403961182,7.9000002625050865,1.8050812482833862,True,,7143.044347638767,4762029.5650925115,True,True
2025-01-06,SZ002726,sell,1822120.0692829133,1822120.0692829133,2.4576289653778076,0.32988306879997253,7.450000311680174,2.4907801151275635,True,,6717.142590998858,4478095.0606659055,True,True
2025-01-06,SZ000062,buy,1803109.3855429804,1803109.3855429804,2.6138463020324707,0.12694737315177917,20.589999124340586,2.6291956901550293,True,,2356.52539978078,4713050.79956156,True,True
2025-01-06,SZ300180,buy,2363331.7153488477,2363331.7153488477,1.9944292306900024,0.3480679392814636,5.729999823618388,2.0153541564941406,True,,2356.748927454243,4713497.854908486,True,True
2025-01-07,SH600750,sell,300697.3793157802,300697.3793157802,15.491530418395996,0.6897386312484741,22.460001102671697,15.477632522583008,True,,6987.393897603552,4658262.598402368,True,True
2025-01-07,SZ000543,sell,1002619.0698441213,1002619.0698441213,4.5023698806762695,0.6035348176956177,7.460000233071826,4.501853942871094,True,,6771.242852786743,4514161.901857829,True,True
2025-01-07,SZ300085,buy,369017.03625949926,369017.03625949926,12.420174598693848,0.3552681505680084,34.96000015435178,12.242561340332031,True,,2291.6280101177595,4583256.020235519,True,True
2025-01-07,SZ301487,buy,22913523.75949625,22913523.75949625,0.20005914568901062,0.010212309658527374,19.589999948930195,0.19883696734905243,True,,2292.0299940248333,4584059.988049666,True,True
2025-01-08,SZ002034,sell,883183.263048682,883183.263048682,5.130524158477783,0.34830442070961,14.730000118933972,5.1584248542785645,True,,6796.789601151753,4531193.067434502,True,True
2025-01-08,SZ002911,sell,2757740.6840103916,2757740.6840103916,1.562610149383545,0.13767489790916443,11.350000422114194,1.5710015296936035,True,,6463.910373303836,4309273.5822025575,True,True
2025-01-08,SZ000582,buy,2403565.911589736,2403565.911589736,1.8390051126480103,0.22703766822814941,8.1,1.8458975553512573,True,,2210.085,4420170.0,True,True
2025-01-08,SZ301153,buy,2948597.4573095245,2948597.4573095245,1.4986141920089722,0.06341998279094696,23.629999978853597,1.5010312795639038,True,,2209.4049980228115,4418809.996045623,True,True
2025-01-09,SZ000582,sell,2403565.911589736,2403565.911589736,1.8230876922607422,0.2270345836877823,8.029999935022456,1.836734652519226,True,,6572.867146435079,4381911.430956719,True,True
2025-01-09,SZ002003,sell,233629.15504863087,233629.15504863087,20.128999710083008,1.4296164512634277,14.080000053366723,20.114253997802734,True,,7054.081791361244,4702721.194240829,True,True
2025-01-09,SZ000503,buy,1678291.9829990615,1678291.9829990615,2.697871446609497,0.2708706259727478,9.960000044009679,2.719672679901123,True,,2263.9080100034,4527816.020006799,True,True
2025-01-09,SZ300773,buy,5916107.284959452,5916107.284959452,0.76544588804245,0.04739603027701378,16.1499999803502,0.7706594467163086,True,,2264.2299972450974,4528459.994490195,True,True
2025-01-10,SH605599,sell,5262447.25276669,5262447.25276669,0.8266217112541199,0.07835277169942856,10.549999614884698,0.8340277671813965,True,,6525.079730199815,4350053.153466543,True,True
2025-01-10,SH688776,sell,9737553.414653592,9737553.414653592,0.5088659524917603,0.010280120186507702,49.500000317080826,0.5016768574714661,True,,7432.6640899306385,4955109.393287092,True,True
2025-01-10,SH600246,buy,1048507.1731939643,1048507.1731939643,4.423603534698486,0.6411019563674927,6.900000055783306,4.404321193695068,True,,2319.090018748769,4638180.037497538,True,True
2025-01-10,SZ002777,buy,949445.6101933671,949445.6101933671,4.8841376304626465,0.3065999746322632,15.930000112755046,4.88121223449707,True,,2318.6115164114967,4637223.032822994,True,True
2025-01-13,SH600461,sell,905780.5830149397,905780.5830149397,4.811225414276123,0.5269688367843628,9.12999987558067,4.8117194175720215,True,,6536.871841138983,4357914.560759322,True,True
2025-01-13,SH601811,sell,2346043.5306874947,2346043.5306874947,1.8072948455810547,0.12638425827026367,14.299999622708425,1.8224390745162964,True,,6359.988570780432,4239992.380520288,True,True
2025-01-13,SZ300366,buy,2303890.473665613,2303890.473665613,1.8699218034744263,0.23286697268486023,8.030000055031413,1.8861196041107178,True,,2154.047514762177,4308095.029524353,True,True
2025-01-13,SH688062,buy,6254850.128156229,6254850.128156229,0.6885714530944824,0.040816325694322586,16.8700009464659,0.6873469352722168,True,,2153.4556208163717,4306911.241632744,True,True
2025-01-14,SH600269,sell,1099107.472589145,1099107.472589145,3.8857390880584717,0.7649092674255371,5.08000001246781,3.8780899047851562,True,,6406.267302325194,4270844.868216796,True,True
2025-01-14,SZ300049,sell,2046754.7304601504,2046754.7304601504,3.349745035171509,0.10607171803712845,31.58000169280743,3.349766731262207,True,,10284.159744859033,6856106.496572688,True,True
2025-01-14,SZ300348,buy,898144.9580195064,898144.9580195064,6.113531112670898,0.5006986856460571,12.210000321415944,6.013675212860107,True,,2745.418572270375,5490837.14454075,True,True
2025-01-14,SZ300393,buy,3660305.8398877745,3660305.8398877745,1.5000767707824707,0.2669175863265991,5.619999758828119,1.4949238300323486,True,,2745.369882187536,5490739.764375072,True,True
2025-01-15,SH600548,sell,785095.6154123425,785095.6154123425,5.742035388946533,0.4507092237472534,12.739999730217468,5.742128849029541,True,,6762.070211106642,4508046.807404428,True,True
2025-01-15,SZ300085,sell,369017.03625949926,369017.03625949926,14.740220069885254,0.3552716374397278,41.48999952856059,14.81824016571045,True,,8159.088486002769,5439392.324001846,True,True
2025-01-15,SZ000582,buy,2585543.2105201404,2585543.2105201404,1.9300973415374756,0.22707027196884155,8.500000131247134,1.9412745237350464,True,,2495.1750385275964,4990350.077055193,True,True
2025-01-15,SH688639,buy,2964253.820245959,2964253.820245959,1.6829314231872559,0.06146572157740593,27.379999453319385,1.6817021369934082,True,,2494.317950197396,4988635.900394792,True,True
2025-01-16,SZ002088,sell,1473357.7771001623,1473357.7771001623,3.0122790336608887,0.25165238976478577,11.969999714592033,2.9872586727142334,True,,6657.247111560048,4438164.741040032,True,True
2025-01-16,SZ300393,sell,3660305.8398877745,3660305.8398877745,1.6043236255645752,0.2669423520565033,6.010000336046303,1.5829102993011475,True,,8808.472703585912,5872315.135723942,True,True
2025-01-16,SZ002948,buy,6151478.320650546,6151478.320650546,0.8352074027061462,0.21198156476020813,3.9400001771424145,0.8310291767120361,True,,2568.880115496854,5137760.230993709,True,True
2025-01-16,SH603337,buy,1797820.1284951176,1797820.1284951176,2.8563592433929443,0.09411397576332092,30.350000839154372,2.8561911582946777,True,,2567.61007099246,5135220.14198492,True,True
2025-01-17,SZ000582,sell,2585543.2105201404,2585543.2105201404,1.9206944704055786,0.22703243792057037,8.460000200841579,1.9412745237350464,True,,7449.057821161081,4966038.547440721,True,True
2025-01-17,SZ300348,sell,898144.9580195064,898144.9580195064,6.484130859375,0.5007050633430481,12.950000577350917,6.509401798248291,True,,8735.534157729518,5823689.438486345,True,True
2025-01-17,SZ002123,buy,2895257.5829438884,2895257.5829438884,1.8558845520019531,0.14188720285892487,13.079999567312747,1.687090516090393,True,,2686.631911126038,5373263.822252076,True,True
2025-01-17,SH600459,buy,953813.3179246095,953813.3179246095,5.632479667663574,0.39693301916122437,14.190000316843886,5.561190128326416,True,,2686.167059978548,5372334.119957096,True,True
2025-01-20,SH600323,sell,685036.6681929337,685036.6681929337,6.502264976501465,0.29342350363731384,22.160000463148275,6.473288059234619,True,,6681.434902815251,4454289.935210167,True,True
2025-01-20,SZ002123,sell,2895257.5829438884,2895257.5829438884,1.624701738357544,0.1418953537940979,11.44999955893639,1.668593406677246,True,,7055.895042002695,4703930.028001796,True,True
2025-01-20,SZ002274,buy,2876096.33732686,2876096.33732686,1.6027661561965942,0.1978723704814911,8.099999774079203,1.5971921682357788,True,,2304.8549357142374,4609709.871428475,True,True
2025-01-20,SZ002237,buy,2810051.275847871,2810051.275847871,1.6403402090072632,0.15373384952545166,10.670000224873665,1.6433132886886597,True,,2304.7200485727117,4609440.097145423,True,True
2025-01-21,SH600459,sell,953813.3179246095,953813.3179246095,5.421730995178223,0.39690566062927246,13.659999171043218,5.409736156463623,True,,7756.978844108454,5171319.229405636,True,True
2025-01-21,SZ300663,sell,1222555.2205271511,1222555.2205271511,5.3652024269104,0.3230103850364685,16.609999787792145,5.326647758483887,True,,9838.884354306376,6559256.236204251,True,True
2025-01-21,SH603638,buy,673981.7608659581,673981.7608659581,8.59438705444336,0.49393028020858765,17.40000036202262,8.569620132446289,True,,2896.230060258665,5792460.12051733,True,True
2025-01-21,SH603075,buy,11280581.082199553,11280581.082199553,0.5134310126304626,0.026195459067821503,19.6000005688452,0.5132992267608643,True,,2895.9000840468784,5791800.168093757,True,True
2025-01-22,SZ300180,sell,2363331.7153488477,2363331.7153488477,2.1753885746002197,0.3480621576309204,6.250000256870692,2.1896979808807373,True,,7711.747217340333,5141164.811560222,True,True
2025-01-22,SZ300773,sell,5916107.284959452,5916107.284959452,0.8244199156761169,0.04740770161151886,17.389999676250998,0.8238731026649475,True,,7316.0350034957,4877356.668997133,True,True
2025-01-22,SH688235,buy,4265969.968811996,4265969.968811996,1.180270791053772,0.006211951840668917,189.99999055476866,1.1789041757583618,True,,2517.499874850685,5034999.74970137,True,True
2025-01-22,SZ002020,buy,409884.336409949,409884.336409949,12.29298210144043,0.9536836743354797,12.88999951687974,12.321752548217773,True,,2519.3504055741455,5038700.8111482905,True,True
2025-01-23,SZ000503,sell,1678291.9829990615,1678291.9829990615,2.7004730701446533,0.27085989713668823,9.969999614900066,2.6680896282196045,True,,6798.2734558929515,4532182.303928634,True,True
2025-01-23,SZ002948,sell,6151478.320650546,6151478.320650546,0.8369613289833069,0.21188893914222717,3.950000091422939,0.8279569745063782,True,,7722.824205695523,5148549.470463682,True,True
2025-01-23,SH603398,buy,1643610.5857704908,1643610.5857704908,2.9460628032684326,0.15587633848190308,18.900000038238417,2.9458250999450684,True,,2421.0900048983412,4842180.009796683,True,True
2025-01-23,SH600456,buy,1051703.6346584149,1051703.6346584149,4.603517532348633,0.15365545451641083,29.96000074866828,4.588043689727783,True,,2420.7680604923967,4841536.120984794,True,True
2025-01-24,SH688658,sell,9256268.887309154,9256268.887309154,0.5077657699584961,0.03526151180267334,14.4,0.5097977519035339,True,,7050.024747761107,4700016.498507405,True,True
2025-01-24,SZ002020,sell,409884.336409949,409884.336409949,11.415868759155273,0.953706681728363,11.969999768132869,11.396525382995605,True,,7018.778686334141,4679185.790889427,True,True
2025-01-24,SH601163,buy,8220886.758397947,8220886.758397947,0.5702764391899109,0.03786696121096611,15.060000088540543,0.5720579028129578,True,,2344.0890137813353,4688178.02756267,True,True
2025-01-24,SZ002226,buy,1625769.628660001,1625769.628660001,2.884204626083374,0.5051146149635315,5.710000345746498,2.8586666584014893,True,,2344.526141963512,4689052.283927024,True,True
2025-01-27,SZ300366,sell,2303890.473665613,2303890.473665613,2.1468122005462646,0.23284296691417694,9.220000195829636,2.126150369644165,True,,7419.030266381476,4946020.177587651,True,True
2025-01-27,SZ301153,sell,2948597.4573095245,2948597.4573095245,1.6133100986480713,0.06341627985239029,25.439999041307093,1.596849799156189,True,,7135.503082088222,4757002.054725481,True,True
2025-01-27,SZ001270,buy,3128741.1116955774,3128741.1116955774,1.5450904369354248,0.05868174880743027,26.329999843831953,1.5451633930206299,True,,2417.093985663773,4834187.971327546,True,True
2025-01-27,SZ000736,buy,4029069.3947621393,4029069.3947621393,1.200068712234497,0.1818285882472992,6.600000163903392,1.2730005979537964,True,,2417.580060037813,4835160.120075625,True,True
2025-02-05,SH600246,sell,1048507.1731939642,1048507.1731939642,3.1543684005737305,0.6411317586898804,4.920000230560282,3.5066871643066406,True,,4961.066842346892,3307377.894897928,True,True
2025-02-05,SH600456,sell,1051703.6346584149,1051703.6346584149,4.499288082122803,0.1536642163991928,29.279998867364394,4.474456310272217,True,,7097.87644401576,4731917.62934384,True,True
2025-02-05,SZ002583,buy,1055512.3407828563,1055512.3407828563,3.8389394283294678,0.32098156213760376,11.959999829160676,3.9641025066375732,True,,2026.0239710598185,4052047.942119637,True,True
2025-02-05,SZ300068,buy,4960113.154359966,4960113.154359966,0.8169854283332825,0.0579422265291214,14.100000591497304,0.8101995587348938,True,,2026.1700849981628,4052340.1699963254,True,True
2025-02-06,SZ002226,sell,1625769.628660001,1625769.628660001,2.8032188415527344,0.5050844550132751,5.550000230118065,2.8083808422088623,True,,6836.082082625861,4557388.055083907,True,True
2025-02-06,SZ002777,sell,949445.6101933671,949445.6101933671,5.479140758514404,0.3066111207008362,17.870000103031035,5.527878761291504,True,,7803.219211204585,5202146.140803057,True,True
2025-02-06,SH600246,buy,1445902.2857883954,1445902.2857883954,3.3402464389801025,0.6411221623420715,5.209999958163839,3.346707820892334,True,,2414.834980608939,4829669.961217878,True,True
2025-02-06,SH603636,buy,1552809.6452808974,1552809.6452808974,3.1102402210235596,0.2275230586528778,13.670000040605641,3.1216907501220703,True,,2414.805507172987,4829611.014345974,True,True
2025-02-07,SH603636,sell,1552809.6452808974,1552809.6452808974,3.019212007522583,0.2275216281414032,13.270000009169074,3.1853227615356445,True,,7032.392289643453,4688261.526428969,True,True
2025-02-07,SH603638,sell,673981.7608659581,673981.7608659581,8.712065696716309,0.4938812851905823,17.63999964759636,8.71202564239502,True,,8807.66006857915,5871773.3790527675,True,True
2025-02-07,SZ002675,buy,2172352.044953506,2172352.044953506,2.4157137870788574,0.18454651534557343,13.089999464662345,2.423076868057251,True,,2623.8903926915673,5247780.785383134,True,True
2025-02-07,SH688408,buy,4688988.408270188,4688988.408270188,1.1185632944107056,0.019385844469070435,57.70000353584501,1.1298201084136963,True,,2622.465160704156,5244930.321408312,True,True
2025-02-10,SH688598,sell,9273393.450790014,9273393.450790014,0.5437266230583191,0.02438236027956009,22.29999954164114,0.5425052046775818,True,,7563.286357933781,5042190.905289187,True,True
2025-02-10,SZ000062,sell,1803109.3855429806,1803109.3855429806,2.86909556388855,0.12695112824440002,22.600000516459446,2.8487966060638428,True,,7759.939708900762,5173293.1392671745,True,True
2025-02-10,SH600267,buy,2156060.348562186,2156060.348562186,2.3682007789611816,0.26789602637290955,8.839999648463099,2.3522467613220215,True,,2552.991898476143,5105983.796952286,True,True
2025-02-10,SH601069,buy,1992983.4496583703,1992983.4496583703,2.5620503425598145,0.19799461960792542,12.939999822385374,2.550583600997925,True,,2553.0619649566343,5106123.929913268,True,True
2025-02-11,SZ002583,sell,1055512.3407828563,1055512.3407828563,4.650934219360352,0.3209754526615143,14.48999972052383,4.679771900177002,True,,7363.677697056198,4909118.464704132,True,True
2025-02-11,SZ301487,sell,22913523.75949625,22913523.75949625,0.20986095070838928,0.01021221186965704,20.549999685370523,0.20873291790485382,True,,7212.980820370723,4808653.880247149,True,True
2025-02-11,SZ301339,buy,4597703.46624395,4597703.46624395,1.0571733713150024,0.04928547516465187,21.44999856008733,1.057349443435669,True,,2430.2848368578943,4860569.673715789,True,True
2025-02-11,SZ300827,buy,898934.8358699097,898934.8358699097,5.405395030975342,0.15006649494171143,36.01999922151108,5.466944694519043,True,,2429.5489474909223,4859097.894981844,True,True
2025-02-12,SH603337,sell,1797820.1284951176,1797820.1284951176,3.2261948585510254,0.09411303699016571,34.27999947433579,3.2374608516693115,True,,8700.177082725739,5800118.055150492,True,True
2025-02-12,SH688639,sell,2964253.820245959,2964253.820245959,1.7205671072006226,0.06147077679634094,27.990001052061533,1.7205673456192017,True,,7650.296430763476,5100197.620508984,True,True
2025-02-12,SZ300031,buy,2253908.4669521735,2253908.4669521735,2.4015283584594727,0.11859399080276489,20.250000376945604,2.4251954555511475,True,,2706.41255037878,5412825.10075756,True,True
2025-02-12,SZ002063,buy,615643.5969143959,615643.5969143959,8.792155265808105,1.361014723777771,6.460000110361557,8.832829475402832,True,,2706.4170462359743,5412834.092471949,True,True
2025-02-13,SZ002063,sell,615643.5969143959,615643.5969143959,9.227622985839844,1.3610063791275024,6.779999805552254,9.214069366455078,True,,8521.390508958599,5680927.005972399,True,True
2025-02-13,SZ300068,sell,4960113.154359966,4960113.154359966,0.9213568568229675,0.05794697254896164,15.899999884281746,0.92305988073349,True,,6855.051398081029,4570034.265387353,True,True
2025-02-13,SH601886,buy,8749167.270301057,8749167.270301057,0.5863662362098694,0.10341555625200272,5.670000311955136,0.5855787396430969,True,,2565.1081411285036,5130216.282257007,True,True
2025-02-13,SZ002990,buy,5012418.44224242,5012418.44224242,1.023061990737915,0.03912283107638359,26.14999892877088,1.027353286743164,True,,2564.007394965985,5128014.78993197,True,True
2025-02-14,SZ002237,sell,2810051.275847871,2810051.275847871,1.680191159248352,0.153722882270813,10.930000364476422,1.6664842367172241,True,,7082.134966071218,4721423.310714145,True,True
2025-02-14,SZ300031,sell,2253908.4669521735,2253908.4669521735,2.566303253173828,0.11859072744846344,21.639999251114126,2.604344129562378,True,,8676.318946643098,5784212.631095398,True,True
2025-02-14,SH603888,buy,3075680.289366351,3075680.289366351,1.7023251056671143,0.06814752519130707,24.97999891981791,1.656132459640503,True,,2617.903886796917,5235807.773593834,True,True
2025-02-14,SZ300770,buy,3022351.6668608617,3022351.6668608617,1.7328559160232544,0.041755564510822296,41.49999973235014,1.7340630292892456,True,,2618.649983111294,5237299.966222588,True,True
2025-02-17,SH688235,sell,4265969.968811996,4265969.968811996,1.2293452024459839,0.006211951840668917,197.89998924293099,1.228351354598999,True,,7866.524572406507,5244349.714937671,True,True
2025-02-17,SZ002990,sell,5012418.44224242,5012418.44224242,1.1737380027770996,0.03912460058927536,29.99999961913576,1.1063950061798096,True,,8824.899017221078,5883266.011480719,True,True
2025-02-17,SH688289,buy,16636487.762621256,16636487.762621256,0.3328268527984619,0.014408089220523834,23.099999431177963,0.3311218321323395,True,,2768.534931826679,5537069.863653358,True,True
2025-02-17,SZ000766,buy,1987450.2745172672,1987450.2745172672,2.7864701747894287,0.1702180951833725,16.369999745254,2.772916555404663,True,,2768.985456909714,5537970.913819428,True,True
2025-02-18,SZ002274,sell,2876096.33732686,2876096.33732686,1.5532711744308472,0.1978689283132553,7.8500004405532176,1.5534557104110718,True,,6701.036303483926,4467357.53565595,True,True
2025-02-18,SZ301339,sell,4597703.46624395,4597703.46624395,1.0935273170471191,0.04930240288376808,22.180000427669686,1.1036144495010376,True,,7541.571504029979,5027714.336019986,True,True
2025-02-18,SH600850,buy,453097.74753511045,453097.74753511045,10.545503616333008,0.3970445692539215,26.559999639710103,10.442441940307617,True,,2389.0719675919236,4778143.935183847,True,True
2025-02-18,SH601921,buy,7636995.648527785,7636995.648527785,0.6256570219993591,0.07629963755607605,8.199999921880828,0.6304054260253906,True,,2389.0699772399794,4778139.954479959,True,True
2025-02-19,SH601921,sell,7636995.648527786,7636995.648527786,0.607900083065033,0.07627353817224503,7.96999978802924,0.6081081032752991,True,,6963.7954336610055,4642530.289107337,True,True
2025-02-19,SH688289,sell,16636487.762621257,16636487.762621257,0.3197324275970459,0.01440885104238987,22.190001593910203,0.32129931449890137,True,,7978.836928547163,5319224.619031441,True,True
2025-02-19,SZ001301,buy,4685409.928218098,4685409.928218098,1.0583842992782593,0.02115076407790184,50.04000306466712,1.061897873878479,True,,2479.482151854256,4958964.303708511,True,True
2025-02-19,SZ300492,buy,356947.4721650283,356947.4721650283,13.898963928222656,0.17705686390399933,78.50000063120235,13.916499137878418,True,,2480.6000199459945,4961200.039891989,True,True
2025-02-20,SH601069,sell,1992983.4496583703,1992983.4496583703,2.576768636703491,0.19806061685085297,13.010000057931224,2.573930025100708,True,,7703.185869823231,5135457.24654882,True,True
2025-02-20,SZ000766,sell,1987450.2745172672,1987450.2745172672,2.697814702987671,0.1702091246843338,15.850000450862904,2.703125,True,,8042.65885807435,5361772.572049567,True,True
2025-02-20,SH688266,buy,5594249.881836039,5594249.881836039,0.9339053630828857,0.013406623154878616,69.65999956096636,0.931760311126709,True,,2612.2499835362382,5224499.967072477,True,True
2025-02-20,SZ300783,buy,3960620.6469452735,3960620.6469452735,1.3191205263137817,0.04918421059846878,26.819999960614375,1.3235572576522827,True,,2612.26799616384,5224535.99232768,True,True
2025-02-21,SH600246,sell,1445902.2857883954,1445902.2857883954,3.9556093215942383,0.6411036252975464,6.16999992748189,3.955761432647705,True,,8579.13683966849,5719424.559778993,True,True
2025-02-21,SZ300492,sell,356947.4721650283,356947.4721650283,14.742664337158203,0.177046537399292,83.26999530021398,14.743460655212402,True,,7893.5351521892,5262356.768126133,True,True
2025-02-21,SZ002011,buy,976450.6304415182,976450.6304415182,5.599706649780273,0.44477415084838867,12.590000203696775,5.577475070953369,True,,2733.918544232755,5467837.08846551,True,True
2025-02-24,SH603888,sell,3075680.289366351,3075680.289366351,1.8401641845703125,0.0681542307138443,26.999999344083513,1.8209179639816284,True,,8489.635067521222,5659756.711680814,True,True
2025-02-24,SH688062,sell,6254850.128156228,6254850.128156228,0.8102040886878967,0.040816325694322586,19.85000057956205,0.8061224222183228,True,,7601.557721943287,5067705.147962191,True,True
2025-02-24,SH688007,buy,11247663.380145146,11247663.380145146,0.47164419293403625,0.026129871606826782,18.050000399191124,0.4634397625923157,True,,2652.447558661136,5304895.117322272,True,True
2025-02-24,SH688739,buy,13499819.322424999,13499819.322424999,0.39290156960487366,0.013548329472541809,29.00000109985229,0.3918749988079071,True,,2652.0501005814917,5304100.201162984,True,True
2025-02-24,SH600812,buy,1960544.599685594,1960544.599685594,2.7060112953186035,0.4050915241241455,6.679999788120256,2.697394847869873,True,,2652.627915862554,5305255.8317251075,True,True
2025-02-25,SH600850,sell,453097.74753511045,453097.74753511045,11.27632999420166,0.39705389738082886,28.399998258639737,11.578042030334473,True,,7663.919581253066,5109279.720835377,True,True
2025-02-25,SH688739,sell,13499819.322424999,13499819.322424999,0.3789691627025604,0.013549130409955978,27.969998902962196,0.3812499940395355,True,,7674.022837882872,5116015.225255248,True,True
2025-02-25,SZ300777,buy,1419905.9718770557,1419905.9718770557,3.692624807357788,0.11648658663034439,31.70000009594127,3.7560136318206787,True,,2621.5900079343432,5243180.015868686,True,True
2025-02-25,SZ301216,buy,9712236.116623327,9712236.116623327,0.5400146842002869,0.048649970442056656,11.100000252691993,0.5419679284095764,True,,2622.3750596984837,5244750.119396967,True,True
2025-02-26,SZ001270,sell,3128741.111695577,3128741.111695577,1.8970389366149902,0.05867735669016838,32.3299999117521,1.9055092334747314,True,,8903.015567211869,5935343.71147458,True,True
2025-02-26,SZ001301,sell,4685409.928218098,4685409.928218098,1.1612693071365356,0.021152446046471596,54.90000090699889,1.144291877746582,True,,8161.534111488714,5441022.740992476,True,True
2025-02-26,SH600335,buy,2742152.6709626885,2742152.6709626885,2.062671422958374,0.30924609303474426,6.669999943141173,2.0623974800109863,True,,2828.0799758918574,5656159.951783715,True,True
2025-02-26,SZ000049,buy,540873.7297056859,540873.7297056859,10.45730972290039,0.40896791219711304,25.57000050864678,10.457155227661133,True,,2828.0420562563336,5656084.112512667,True,True
2025-02-27,SH688266,sell,5594249.881836039,5594249.881836039,1.0490682125091553,0.013406623154878616,78.24999631823049,1.0631451606750488,True,,8803.12458580093,5868749.723867287,True,True
2025-02-27,SH688408,sell,4688988.408270188,4688988.408270188,1.1662541627883911,0.019385874271392822,60.15999827819986,1.1663239002227783,True,,8202.828375617428,5468552.2504116185,True,True
2025-02-27,SZ002468,buy,9446916.187920619,9446916.187920619,0.598820149898529,0.05365772172808647,11.159999541782335,0.5997133851051331,True,,2828.501883864733,5657003.767729466,True,True
2025-02-27,SZ300428,buy,1692544.4548815729,1692544.4548815729,3.3421685695648193,0.18333344161510468,18.229999612299107,3.342303991317749,True,,2828.3844398482065,5656768.879696413,True,True
2025-02-28,SH600812,sell,1960544.5996855942,1960544.5996855942,2.5766284465789795,0.4051302671432495,6.3599998705303165,2.59218430519104,True,,7577.39247950505,5051594.9863367,True,True
2025-02-28,SZ000736,sell,4029069.39476214,4029069.39476214,1.2383077144622803,0.18183666467666626,6.810000154062346,1.2435357570648193,True,,7483.841570456742,4989227.713637828,True,True
2025-02-28,SZ002158,buy,1966674.9991479565,1966674.9991479565,2.5635809898376465,0.13072825968265533,19.60999860367433,2.580605983734131,True,,2520.865320502335,5041730.64100467,True,True
2025-02-28,SZ002101,buy,1791769.8845755854,1791769.8845755854,2.8143177032470703,0.21816417574882507,12.89999924867237,2.8248703479766846,True,,2521.304853153015,5042609.70630603,True,True
2025-03-03,SZ000049,sell,540873.7297056859,540873.7297056859,10.306035995483398,0.4089696705341339,25.20000072871718,10.224381446838379,True,,8361.396191037236,5574264.127358157,True,True
2025-03-03,SZ002101,sell,1791769.8845755856,1791769.8845755856,2.72282338142395,0.21817494928836823,12.480000065567173,2.724870443344116,True,,7318.009403780547,4878672.935853697,True,True
2025-03-03,SH603690,buy,367642.39093547896,367642.39093547896,14.165387153625488,0.4947742819786072,28.62999890976137,14.152610778808594,True,,2603.8984008427965,5207796.801685593,True,True
2025-03-03,SZ000488,buy,6052620.422691058,6052620.422691058,0.8604722619056702,0.4390164613723755,1.9599999945692566,0.8692134618759155,True,,2604.0559927847144,5208111.985569429,True,True
2025-03-04,SH603690,sell,367642.39093547896,367642.39093547896,12.367823600769043,0.4947129487991333,24.999999759033415,13.11646556854248,True,,6820.404358882463,4546936.239254976,True,True
2025-03-04,SZ300783,sell,3960620.6469452735,3960620.6469452735,1.4377957582473755,0.049189042299985886,29.230001053462026,1.4668874740600586,True,,8541.845349307336,5694563.566204891,True,True
2025-03-04,SH688183,buy,3620136.8035044717,3620136.8035044717,1.4126607179641724,0.049307528883218765,28.65000031354146,1.4407649040222168,True,,2557.0125279835756,5114025.055967151,True,True
2025-03-04,SH600882,buy,1184456.2233522458,1184456.2233522458,4.317573070526123,0.22221167385578156,19.430001113840166,4.348598003387451,True,,2556.988146581366,5113976.293162731,True,True
2025-03-05,SH603398,sell,1643610.5857704908,1643610.5857704908,2.774339199066162,0.1558617502450943,17.80000028681497,2.8692843914031982,True,,6839.899914154753,4559933.276103169,True,True
2025-03-05,SZ300777,sell,1419905.971877056,1419905.971877056,3.8673038482666016,0.11648505926132202,33.19999897661305,3.925544023513794,True,,8236.811743825301,5491207.829216868,True,True
2025-03-05,SH600315,buy,797446.3405321091,797446.3405321091,6.295957088470459,0.33506956696510315,18.789999776751348,6.299411773681641,True,,2510.3439701739803,5020687.94034796,True,True
2025-03-05,SH600557,buy,649681.3167888774,649681.3167888774,7.7279887199401855,0.540418803691864,14.299999680149046,7.739181995391846,True,,2510.364943850165,5020729.8877003305,True,True
2025-03-06,SZ002675,sell,2172352.044953506,2172352.044953506,2.4505436420440674,0.1845289021730423,13.279999030970584,2.4451048374176025,True,,7985.165238063364,5323443.492042243,True,True
2025-03-06,SZ300770,sell,3022351.6668608617,3022351.6668608617,1.6150254011154175,0.04175350069999695,38.67999985724635,1.6079108715057373,True,,7321.762069625721,4881174.713083814,True,True
2025-03-06,SZ300779,buy,534090.8458953808,534090.8458953808,9.529277801513672,0.0730212852358818,130.50000107134647,9.512518882751465,True,,2544.750020891256,5089500.041782512,True,True
2025-03-06,SH688526,buy,10135728.171968902,10135728.171968902,0.5021239519119263,0.03320925682783127,15.119999658984163,0.5003166794776917,True,,2544.6959426070343,5089391.885214069,True,True
2025-03-07,SZ300428,sell,1692544.4548815729,1692544.4548815729,3.8571324348449707,0.18332378566265106,21.039999915465373,3.8701605796813965,True,,9792.552171511074,6528368.114340715,True,True
2025-03-07,SZ301216,sell,9712236.116623327,9712236.116623327,0.5939806699752808,0.048647064715623856,12.21000020139989,0.5935240387916565,True,,8653.320773265064,5768880.515510043,True,True
2025-03-07,SZ000970,buy,1118837.9626148855,1118837.9626148855,5.438615798950195,0.4215981364250183,12.899999618279763,5.4343953132629395,True,,3042.4649099712824,6084929.819942565,True,True
2025-03-07,SZ300702,buy,3928215.7525833147,3928215.7525833147,1.5486929416656494,0.08528044819831848,18.160000027957004,1.5522156953811646,True,,3041.8000046827983,6083600.009365597,True,True
2025-03-10,SZ002158,sell,1966674.9991479563,1966674.9991479563,2.708704948425293,0.13072900474071503,20.719999772029762,2.7033333778381348,True,,7990.7134532045675,5327142.302136378,True,True
2025-03-10,SZ300779,sell,534090.8458953808,534090.8458953808,9.854586601257324,0.07301857322454453,134.95999943675693,9.854880332946777,True,,7894.866740722216,5263244.49381481,True,True
2025-03-10,SZ300850,buy,1943672.106524915,1943672.106524915,2.739068031311035,0.10336105525493622,26.50000064874749,2.7389614582061768,True,,2661.9250651666857,5323850.130333371,True,True
2025-03-10,SH688266,buy,4564907.903578208,4564907.903578208,1.1663762331008911,0.013406623154878616,87.00000138934699,1.1611475944519043,True,,2662.2000425140177,5324400.085028036,True,True
2025-03-11,SH688266,sell,4564907.903578208,4564907.903578208,1.2378334999084473,0.013406623154878616,92.32999880794029,1.2389060258865356,True,,8475.89389056892,5650595.927045946,True,True
2025-03-11,SZ300827,sell,898934.8358699097,898934.8358699097,4.697065353393555,0.15006598830223083,31.299999463794087,4.793004035949707,True,,6333.533508784612,4222355.672523075,True,True
2025-03-11,SZ002088,buy,1485671.798600442,1485671.798600442,3.3296027183532715,0.2516706585884094,13.229999623430933,3.3598456382751465,True,,2473.348429600413,4946696.859200826,True,True
2025-03-11,SH688106,buy,9876451.976886423,9876451.976886423,0.5007396340370178,0.027347877621650696,18.309999809293924,0.5055227279663086,True,,2472.7654742451446,4945530.948490289,True,True
2025-03-12,SZ000970,sell,1118837.9626148855,1118837.9626148855,5.65352725982666,0.4215903878211975,13.41000037748584,5.653467655181885,True,,9488.071381458265,6325380.920972177,True,True
2025-03-12,SZ300850,sell,1943672.106524915,1943672.106524915,2.8072962760925293,0.10336142778396606,27.159999008140744,2.8092546463012695,True,,8184.695199888473,5456463.466592316,True,True
2025-03-12,SZ300827,buy,1245493.1580451513,1245493.1580451513,4.683404922485352,0.15006104111671448,31.209998862014377,4.688061714172363,True,,2916.574393655244,5833148.787310488,True,True
2025-03-12,SH600388,buy,1119261.1426952458,1119261.1426952458,5.211738109588623,0.4021402895450592,12.959999893282655,5.2078776359558105,True,,2916.6479759832614,5833295.951966522,True,True
2025-03-13,SH600033,sell,1256282.023952038,1256282.023952038,3.5552046298980713,0.9767045974731445,3.6399998925937536,3.5559322834014893,True,,6699.509502018008,4466339.668012005,True,True
2025-03-13,SZ000488,sell,6052620.422691058,6052620.422691058,0.882523775100708,0.4390665590763092,2.009999980315801,0.8822472095489502,True,,8012.372137027433,5341581.424684956,True,True
2025-03-13,SZ000603,buy,1348319.7859195499,1348319.7859195499,3.6647746562957764,0.24964404106140137,14.680000534819111,3.6470930576324463,True,,2470.644090010057,4941288.1800201135,True,True
2025-03-13,SZ002237,buy,2903263.067239293,2903263.067239293,1.701720118522644,0.1537235826253891,11.070000382892369,1.6849114894866943,True,,2470.270585442432,4940541.170884864,True,True
2025-03-14,SH688007,sell,11247663.380145146,11247663.380145146,0.46357405185699463,0.02613157033920288,17.739999771905616,0.4611225426197052,True,,7821.187330586138,5214124.887057425,True,True
2025-03-14,SH688526,sell,10135728.171968902,10135728.171968902,0.509869396686554,0.03321624547243118,15.350000863575485,0.5101329684257507,True,,7751.846412031038,5167897.608020692,True,True
2025-03-14,SH600459,buy,882812.8628250947,882812.8628250947,5.85446834564209,0.3969131112098694,14.749999887372116,5.755239963531494,True,,2584.1999802675946,5168399.960535189,True,True
2025-03-14,SH603279,buy,3126610.570828373,3126610.570828373,1.6530168056488037,0.09003359824419022,18.35999935452398,1.6559139490127563,True,,2584.16990914925,5168339.8182985,True,True
2025-03-17,SH600882,sell,1184456.2233522458,1184456.2233522458,4.5794267654418945,0.22219440340995789,20.61000050029461,4.537383079528809,True,,8136.195797570245,5424130.531713497,True,True
2025-03-17,SZ000603,sell,1348319.7859195499,1348319.7859195499,3.794454574584961,0.24963517487049103,15.199999665726184,3.80930233001709,True,,7674.207269528778,5116138.179685852,True,True
2025-03-17,SH688439,buy,7835094.656562023,7835094.656562023,0.67001873254776,0.010121128521859646,66.20000241086272,0.6684967279434204,True,,2624.830095590707,5249660.191181414,True,True
2025-03-17,SZ000758,buy,1299327.5229224933,1299327.5229224933,4.044892311096191,0.7778639197349548,5.199999908048732,4.037378787994385,True,,2627.8199535324266,5255639.907064853,True,True
2025-03-18,SH600315,sell,797446.3405321091,797446.3405321091,6.413103103637695,0.3350628614425659,19.139999807877793,6.420000076293945,True,,7671.1584021764875,5114105.601450992,True,True
2025-03-18,SZ002468,sell,9446916.187920619,9446916.187920619,0.6600267887115479,0.053660716861486435,12.299999465442562,0.6610938906669617,True,,9352.826632110575,6235217.7547403835,True,True
2025-03-18,SH603877,buy,8771472.80085769,8771472.80085769,0.6436269283294678,0.04117894545197487,15.630000265065082,0.6423214673995972,True,,2822.7780478707537,5645556.095741508,True,True
2025-03-18,SH603355,buy,3139222.077656633,3139222.077656633,1.7978976964950562,0.06769192963838577,26.56000066920134,1.7936681509017944,True,,2822.0000711026423,5644000.142205285,True,True
2025-03-19,SH688183,sell,3620136.8035044717,3620136.8035044717,1.6762319803237915,0.049300942569971085,33.99999863987944,1.6963618993759155,True,,9102.283624772012,6068189.083181341,True,True
2025-03-19,SZ002011,sell,976450.6304415183,976450.6304415183,5.959827899932861,0.44476327300071716,13.40000009381002,5.955523490905762,True,,8729.21656531859,5819477.710212393,True,True
2025-03-19,SZ301217,buy,10341100.181699168,10341100.181699168,0.572298526763916,0.04721934720873833,12.120000817334626,0.5774193406105042,True,,2959.0981995522493,5918196.399104498,True,True
2025-03-19,SZ002773,buy,2475625.05767368,2475625.05767368,2.3908274173736572,0.1055087074637413,22.660001006981147,2.400305986404419,True,,2959.396131511738,5918792.263023476,True,True
2025-03-20,SH603877,sell,8771472.80085769,8771472.80085769,0.6248051524162292,0.04115976020693779,15.179999817173707,0.6283012628555298,True,,8220.692100382046,5480461.400254698,True,True
2025-03-20,SZ301217,sell,10341100.181699168,10341100.181699168,0.5549765825271606,0.04723205044865608,11.749999783101766,0.5552995204925537,True,,8608.602657615605,5739068.438410404,True,True
2025-03-20,SZ002233,buy,3383493.531460022,3383493.531460022,1.6593676805496216,0.20511344075202942,8.089999731200958,1.6472749710083008,True,,2807.229906726732,5614459.813453465,True,True
2025-03-20,SZ002626,buy,2092987.4655324055,2092987.4655324055,2.682363986968994,0.17577745020389557,15.260000551023738,2.677061080932617,True,,2807.077101360817,5614154.202721634,True,True
2025-03-21,SH601886,sell,8749167.270301057,8749167.270301057,0.640301525592804,0.1034412831068039,6.189999837218646,0.6474383473396301,True,,8403.157726260593,5602105.150840395,True,True
2025-03-21,SH603355,sell,3139222.077656633,3139222.077656633,2.0306434631347656,0.06768811494112015,30.000000220144425,2.00291109085083,True,,9561.96118698267,6374640.79132178,True,True
2025-03-21,SH600987,buy,863614.9110831532,863614.9110831532,6.899846076965332,0.9650134444236755,7.149999947499231,6.8797383308410645,True,,2979.4049781229296,5958809.956245859,True,True
2025-03-21,SH603323,buy,6237081.249927669,6237081.249927669,0.9553811550140381,0.18026059865951538,5.299999900802541,0.9593495726585388,True,,2979.394944236148,5958789.888472296,True,True
2025-03-24,SH600557,sell,649681.3167888774,649681.3167888774,7.895417213439941,0.5404118299484253,14.610000699269385,7.949614524841309,True,,7694.257577737845,5129505.05182523,True,True
2025-03-24,SZ300702,sell,3928215.7525833147,3928215.7525833147,1.5564382076263428,0.0852842852473259,18.250000021840425,1.5522156953811646,True,,9171.03762768051,6114025.08512034,True,True
2025-03-24,SH601963,buy,7561647.270966545,7561647.270966545,0.7442128658294678,0.07875268161296844,9.450000312204175,0.7442307472229004,True,,2813.737592958793,5627475.185917586,True,True
2025-03-24,SZ000600,buy,3139303.1351618855,3139303.1351618855,1.7928014993667603,0.3085716664791107,5.8100003795653965,1.7898733615875244,True,,2814.0736838424996,5628147.3676849995,True,True
2025-03-25,SH688439,sell,7835094.656562023,7835094.656562023,0.6397270560264587,0.010122262872755527,63.20000419553512,0.6396486163139343,True,,7518.483057496591,5012322.038331061,True,True
2025-03-25,SZ002626,sell,2092987.4655324058,2092987.4655324058,2.612149953842163,0.17578399181365967,14.859999064142201,2.601452350616455,True,,8200.795667224049,5467197.111482699,True,True
2025-03-25,SZ000736,buy,5385607.377429567,5385607.377429567,0.9746436476707458,0.18183650076389313,5.3600000196675515,1.001803994178772,True,,2624.5240096302164,5249048.019260433,True,True
2025-03-25,SZ002948,buy,5789783.123302603,5789783.123302603,0.9066694974899292,0.21183867752552032,4.279999800228654,0.9062979817390442,True,,2624.709877490222,5249419.754980444,True,True
2025-03-26,SZ000758,sell,1299327.5229224933,1299327.5229224933,4.12288236618042,0.7779023051261902,5.3000001915556885,4.107060432434082,True,,8035.461798225049,5356974.532150033,True,True
2025-03-26,SZ002237,sell,2903263.067239293,2903263.067239293,1.7555934190750122,0.15372972190380096,11.419999967043491,1.7478562593460083,True,,7645.424302033255,5096949.534688837,True,True
2025-03-26,SZ000968,buy,4120310.7014601566,4120310.7014601566,1.2663949728012085,0.18986432254314423,6.669999691560991,1.2721153497695923,True,,2608.9703793540816,5217940.758708163,True,True
2025-03-26,SH600017,buy,3011891.095125893,3011891.095125893,1.7325459718704224,0.5414206385612488,3.199999867892783,1.7333333492279053,True,,2609.119892286381,5218239.7845727615,True,True
2025-03-27,SH600335,sell,2742152.6709626885,2742152.6709626885,2.11806321144104,0.3092063069343567,6.850000028914988,2.1488778591156006,True,,8712.079038781287,5808052.692520858,True,True
2025-03-27,SH603075,sell,11280581.082199553,11280581.082199553,0.5585494637489319,0.026186097413301468,21.330000226196805,0.5585677623748779,True,,9451.14377135836,6300762.514238906,True,True
2025-03-27,SH600780,buy,1353394.824202724,1353394.824202724,4.434415817260742,0.758019745349884,5.850000404955046,4.434285640716553,True,,3000.7577077216906,6001515.415443381,True,True
2025-03-27,SH600138,buy,2185339.5830217325,2185339.5830217325,2.74587082862854,0.2473757416009903,11.100000391540203,2.7458715438842773,True,,3000.3301058333163,6000660.211666632,True,True
2025-03-28,SH688106,sell,9876451.976886423,9876451.976886423,0.516715407371521,0.02733943797647953,18.900001083272375,0.5196506381034851,True,,7654.972359933198,5103314.906622132,True,True
2025-03-28,SZ002773,sell,2475625.05767368,2475625.05767368,2.53520131111145,0.10550150275230408,24.0300018954572,2.5512492656707764,True,,9414.31183805201,6276207.892034673,True,True
2025-03-28,SZ000766,buy,1837049.5154544134,1837049.5154544134,3.0996806621551514,0.1702186018228531,18.20999954741137,3.113020896911621,True,,2847.1334292377683,5694266.858475536,True,True
2025-03-28,SZ002267,buy,3680018.5917328857,3680018.5917328857,1.5474244356155396,0.1912762075662613,8.08999956295916,1.5568749904632568,True,,2847.2753461834764,5694550.692366953,True,True
2025-03-31,SH600780,sell,1353394.824202724,1353394.824202724,4.244602203369141,0.7579646706581116,5.600000062910209,4.274920463562012,True,,8616.93397925891,5744622.652839273,True,True
2025-03-31,SZ000600,sell,3139303.1351618855,3139303.1351618855,1.7283644676208496,0.30863651633262634,5.599999922751014,1.7312235832214355,True,,8138.789987856804,5425859.991904536,True,True
2025-03-31,SZ301536,buy,4613155.320431166,4613155.320431166,1.2094974517822266,0.020853405818343163,57.999995891238214,1.2334719896316528,True,,2789.7998023685586,5579599.604737117,True,True
2025-03-31,SH603398,buy,2728599.314346375,2728599.314346375,2.0449817180633545,0.15586751699447632,13.119999326965766,2.1709742546081543,True,,2789.9678568792706,5579935.713758541,True,True
2025-04-01,SH600267,sell,2156060.348562186,2156060.348562186,2.413745880126953,0.2678963243961334,9.009999989987884,2.4272658824920654,True,,7806.272675470589,5204181.783647059,True,True
2025-04-01,SZ300827,sell,1245493.1580451513,1245493.1580451513,4.737512111663818,0.15006373822689056,31.569999305900826,4.8485236167907715,True,,8850.808381849984,5900538.9212333225,True,True
2025-04-01,SH601519,buy,4692777.859354482,4692777.859354482,1.1812747716903687,0.11468686908483505,10.300000175404278,1.1367218494415283,True,,2771.730047201291,5543460.094402582,True,True
2025-04-01,SZ000685,buy,828376.2881561719,828376.2881561719,6.692371368408203,0.751107931137085,8.909999603221838,6.662478446960449,True,,2771.9008765623144,5543801.753124628,True,True
2025-04-02,SH600138,sell,2185339.5830217325,2185339.5830217325,2.5777194499969482,0.24738189578056335,10.420000387916334,2.5752294063568115,True,,8449.788522005012,5633192.348003341,True,True
2025-04-02,SH601519,sell,4692777.859354482,4692777.859354482,1.0472451448440552,0.11470373719930649,9.13000021110373,1.0665878057479858,True,,7371.73324356099,4914488.82904066,True,True
2025-04-02,SH600757,buy,1788520.0186557176,1788520.0186557176,2.950819730758667,0.32786884903907776,9.000000272691253,2.9180328845977783,True,,2638.8000799530755,5277600.159906151,True,True
2025-04-02,SH600750,buy,334182.999094016,334182.999094016,15.788190841674805,0.689741849899292,22.889999851364696,15.74673080444336,True,,2638.072482869781,5276144.965739562,True,True
2025-04-03,SH600459,sell,882812.8628250946,882812.8628250946,5.497220516204834,0.39691123366355896,13.849999823548815,5.509127616882324,True,,7279.525472237451,4853016.981491634,True,True
2025-04-03,SZ002088,sell,1485671.798600442,1485671.798600442,3.346959114074707,0.2516510784626007,13.299999088110873,3.387258768081665,True,,7458.724150274268,4972482.766849512,True,True
2025-04-03,SZ002901,buy,2158067.3333706884,2158067.3333706884,2.279956817626953,0.06422413140535355,35.50000237818556,2.300300359725952,True,,2460.15016480826,4920300.32961652,True,True
2025-04-03,SH600012,buy,424624.56458748394,424624.56458748394,11.587789535522461,0.667884111404419,17.350000303429574,11.593533515930176,True,,2460.2300430263135,4920460.086052627,True,True
2025-04-07,SH600017,sell,3011891.095125893,3011891.095125893,1.6734402179718018,0.5415664315223694,3.089999897644469,1.7441860437393188,True,,7560.329536102206,5040219.690734804,True,True
2025-04-07,SH603279,sell,3126610.570828373,3126610.570828373,1.4947446584701538,0.09004485607147217,16.600000529555135,1.5458269119262695,True,,7010.226674793044,4673484.449862029,True,True
2025-04-07,SZ002550,buy,3046805.6431681146,3046805.6431681146,1.5924993753433228,0.2671978771686554,5.960000102613602,1.6407445669174194,True,,2426.0180417688666,4852036.083537733,True,True
2025-04-07,SH600033,buy,1270404.2899287243,1270404.2899287243,3.819500684738159,0.9768543839454651,3.910000044542351,3.9175140857696533,True,,2426.1550276385287,4852310.055277057,True,True
2025-04-08,SZ002550,sell,3046805.6431681146,3046805.6431681146,1.5044866800308228,0.2672267556190491,5.630000171747684,1.498980164527893,True,,6875.817760183758,4583878.506789172,True,True
2025-04-08,SZ002901,sell,2158067.3333706884,2158067.3333706884,2.1217141151428223,0.06421653181314468,33.039998505626585,2.1027026176452637,True,,6868.202883961831,4578801.9226412205,True,True
2025-04-08,SH688183,buy,4317575.247554597,4317575.247554597,1.0621392726898193,0.04931008443236351,21.54000109544954,1.0732276439666748,True,,2292.9331166106035,4585866.233221207,True,True
2025-04-08,SH688498,buy,4123244.591086826,4123244.591086826,1.1111637353897095,0.012077867053449154,91.99999722404523,1.1113210916519165,True,,2290.799930878726,4581599.861757453,True,True
2025-04-09,SZ000968,sell,4120310.7014601566,4120310.7014601566,1.0993789434432983,0.18987546861171722,5.789999895623461,1.1240384578704834,True,,6794.674238444074,4529782.825629382,True,True
2025-04-09,SZ002233,sell,3383493.531460022,3383493.531460022,1.6247397661209106,0.20514391362667084,7.919999854724804,1.6393141746520996,True,,8245.944733463955,5497296.48897597,True,True
2025-04-09,SH688503,buy,11139567.358577024,11139567.358577024,0.44750210642814636,0.014901835471391678,30.0299991425388,0.4592706859111786,True,,2492.4899288307206,4984979.857661441,True,True
2025-04-09,SZ002130,buy,789586.5335009304,789586.5335009304,6.3133039474487305,0.39957621693611145,15.799999298902641,6.465142726898193,True,,2492.4498894018916,4984899.7788037835,True,True
2025-04-10,SH600388,sell,1119261.1426952458,1119261.1426952458,4.7294111251831055,0.40216079354286194,11.760000480203571,4.705032825469971,True,,7940.169150372077,5293446.100248051,True,True
2025-04-10,SH600757,sell,1788520.0186557176,1788520.0186557176,3.0064010620117188,0.327851802110672,9.170000111809227,3.0195159912109375,True,,8065.512725273653,5377008.483515768,True,True
2025-04-10,SZ300827,buy,1320058.0121221677,1320058.0121221677,4.020352840423584,0.15006916224956512,26.789999891768133,3.865532636642456,True,,2653.5494892796332,5307098.978559267,True,True
2025-04-10,SZ300570,buy,1118454.5410911709,1118454.5410911709,4.744804382324219,0.06848736107349396,69.28000010443617,4.252951145172119,True,,2653.4240039999054,5306848.00799981,True,True
2025-04-11,SH601163,sell,8220886.758397947,8220886.758397947,0.5157226324081421,0.03786509484052658,13.620001074344861,0.5185651183128357,True,,6359.546039655341,4239697.359770227,True,True
2025-04-11,SZ000736,sell,5385607.377429567,5385607.377429567,0.9786074757575989,0.18189729750156403,5.380000083559155,0.9783523678779602,True,,7905.593461571777,5270395.641047851,True,True
2025-04-11,SH603920,buy,2651648.2081038994,2651648.2081038994,1.8003000020980835,0.0743311271071434,24.220001393266514,1.8061693906784058,True,,2386.8811373064145,4773762.274612829,True,True
2025-04-11,SZ300913,buy,2241927.668208306,2241927.668208306,2.127854585647583,0.05075988918542862,41.92000061060841,2.1665873527526855,True,,2385.2480347436185,4770496.069487237,True,True
2025-04-14,SH600012,sell,424624.5645874839,424624.5645874839,11.548521995544434,0.6679307222366333,17.289999712654396,11.586605072021484,True,,7355.6791859805535,4903786.123987036,True,True
2025-04-14,SH603323,sell,6237081.249927669,6237081.249927669,0.9016519784927368,0.18033039569854736,5.0,0.8993902206420898,True,,8435.514973525851,5623676.649017234,True,True
2025-04-14,SH688408,buy,5674273.929536379,5674273.929536379,0.9217919111251831,0.019385740160942078,47.549998270501284,0.9092544913291931,True,,2615.2499048775703,5230499.809755141,True,True
2025-04-14,SZ301171,buy,5826027.739398986,5826027.739398986,0.8979668617248535,0.03827650845050812,23.459999307040583,0.8746212124824524,True,,2615.7899227350254,5231579.84547005,True,True
2025-04-15,SZ000766,sell,1837049.5154544134,1837049.5154544134,3.203190326690674,0.1702014058828354,18.819999224305537,3.203125,True,,8826.628856333049,5884419.237555366,True,True
2025-04-15,SZ301171,sell,5826027.739398986,5826027.739398986,0.9132141470909119,0.038273852318525314,23.86000080396657,0.9113636612892151,True,,7980.616429444858,5320410.952963239,True,True
2025-04-15,SZ300366,buy,3769413.2808683217,3769413.2808683217,1.478752613067627,0.23287443816661835,6.349999702455967,1.483512282371521,True,,2787.014869407924,5574029.738815848,True,True
2025-04-15,SH603305,buy,3490703.84749854,3490703.84749854,1.5966565608978271,0.12722362577915192,12.550000450934096,1.5521283149719238,True,,2786.727600129916,5573455.200259832,True,True
2025-04-16,SH600750,sell,334182.999094016,334182.999094016,16.24339485168457,0.689740777015686,23.549999351879936,16.34686851501465,True,,8142.3996105063725,5428266.407004248,True,True
2025-04-16,SZ000685,sell,828376.2881561719,828376.2881561719,6.406991004943848,0.751112699508667,8.529999571482307,6.42201042175293,True,,7961.099140388049,5307399.426925366,True,True
2025-04-16,SZ301205,buy,2522208.94536382,2522208.94536382,2.127385139465332,0.03639666736125946,58.4499981371843,2.160775661468506,True,,2682.854914496759,5365709.828993518,True,True
2025-04-16,SZ000719,buy,1274261.241106264,1274261.241106264,4.212334156036377,0.35487228631973267,11.87000033088284,4.212524890899658,True,,2683.8070748126106,5367614.149625221,True,True
2025-04-17,SH601963,sell,7561647.270966545,7561647.270966545,0.7834445238113403,0.07873814553022385,9.949999692469428,0.7884615659713745,True,,8886.19671814756,5924131.145431706,True,True
2025-04-17,SH688408,sell,5674273.929536379,5674273.929536379,0.9012645483016968,0.019386202096939087,46.490000661037094,0.9023136496543884,True,,7671.032895065548,5114021.930043698,True,True
2025-04-17,SH603083,buy,1695843.2599441013,1695843.2599441013,3.244403600692749,0.103193499147892,31.439999878703837,3.2630364894866943,True,,2750.999989386586,5501999.978773172,True,True
2025-04-17,SZ002484,buy,1562970.991425194,1562970.991425194,3.5199239253997803,0.20429041981697083,17.229999960611824,3.5323052406311035,True,,2750.769493711678,5501538.987423356,True,True
2025-04-18,SH600033,sell,1270404.2899287243,1270404.2899287243,3.7903740406036377,0.9769005179405212,3.8800000317272993,3.799999952316284,True,,7222.9611624260015,4815307.441617334,True,True
2025-04-18,SH600987,sell,863614.9110831532,863614.9110831532,6.898857593536377,0.9648751616477966,7.150000194589558,7.024836540222168,True,,8936.934430825882,5957956.287217255,True,True
2025-04-18,SZ300085,buy,489488.719232658,489488.719232658,10.995564460754395,0.355268657207489,30.949998649423808,10.988680839538574,True,,2691.1023825674,5382204.7651348,True,True
2025-04-18,SZ300624,buy,1038428.3849556986,1038428.3849556986,5.181994438171387,0.09543267637491226,54.300001163266664,5.191355228424072,True,,2690.565057639863,5381130.115279726,True,True
2025-04-21,SZ000719,sell,1274261.241106264,1274261.241106264,4.2728071212768555,0.3548842966556549,12.040000534097372,4.255163192749023,True,,8167.008758048894,5444672.50536593,True,True
2025-04-21,SZ300085,sell,489488.719232658,489488.719232658,10.896246910095215,0.3552737832069397,30.669999941280143,11.063065528869629,True,,8000.384916697972,5333589.944465314,True,True
2025-04-21,SH688408,buy,6102350.397957679,6102350.397957679,0.8814801573753357,0.01938597299158573,45.469998217676896,0.8817480802536011,True,,2689.5503945755886,5379100.789151177,True,True
2025-04-21,SH603283,buy,1088989.872980907,1088989.872980907,4.937466621398926,0.10955106467008591,45.07000124798562,4.93460750579834,True,,2688.4255744423426,5376851.148884685,True,True
2025-04-22,SH603305,sell,3490703.84749854,3490703.84749854,1.5700174570083618,0.1272299438714981,12.339999604134661,1.5700185298919678,True,,8220.698966728443,5480465.977818962,True,True
2025-04-22,SH688498,sell,4123244.591086826,4123244.591086826,1.2907289266586304,0.012077560648322105,106.87000167024183,1.3017523288726807,True,,7982.986598106752,5321991.065404502,True,True
2025-04-22,SZ300379,buy,3517418.735251906,3517418.735251906,1.5327637195587158,0.20657193660736084,7.419999757624862,1.5369318723678589,True,,2695.6859119451124,5391371.823890225,True,True
2025-04-22,SZ300236,buy,886766.6013076318,886766.6013076318,6.0780930519104,0.16295155882835388,37.29999943303887,6.139873504638672,True,,2694.9249590370587,5389849.918074117,True,True
2025-04-23,SZ300827,sell,1320058.0121221677,1320058.0121221677,4.0938262939453125,0.15006695687770844,27.27999806967117,4.072849750518799,True,,8106.132299338366,5404088.19955891,True,True
2025-04-23,SZ301205,sell,2522208.94536382,2522208.94536382,2.2420599460601807,0.03639707714319229,61.59999983623783,2.3209452629089355,True,,8482.415477992368,5654943.651994912,True,True
2025-04-23,SZ002214,buy,3582662.7529352247,3582662.7529352247,1.5388190746307373,0.2019447684288025,7.619999698943735,1.5570865869522095,True,,2756.534891092896,5513069.782185792,True,True
2025-04-23,SZ300679,buy,3159997.5495548653,3159997.5495548653,1.7443636655807495,0.03787977620959282,46.04999923782549,1.7560499906539917,True,,2756.092454383856,5512184.908767711,True,True
2025-04-24,SH688183,sell,4317575.247554597,4317575.247554597,1.246797800064087,0.04930003359913826,25.289998992736596,1.2430037260055542,True,,8074.714980393341,5383143.320262227,True,True
2025-04-24,SZ300679,sell,3159997.5495548653,3159997.5495548653,1.8905695676803589,0.0378795750439167,49.90999939910826,1.9053527116775513,True,,8961.292801699403,5974195.2011329355,True,True
2025-04-24,SH601963,buy,7008030.311820584,7008030.311820584,0.8076519966125488,0.07879532128572464,10.249999409024191,0.8057692050933838,True,,2830.0248368315793,5660049.673663158,True,True
2025-04-24,SZ300757,buy,684518.6606612086,684518.6606612086,8.255721092224121,0.05945783853530884,138.85000355876525,8.500161170959473,True,,2825.597572420873,5651195.1448417455,True,True
2025-04-25,SZ300236,sell,886766.6013076318,886766.6013076318,6.130416393280029,0.16295629739761353,37.62000297737379,6.150000095367432,True,,8154.372764504283,5436248.509669522,True,True
2025-04-25,SZ300379,sell,3517418.735251906,3517418.735251906,1.3674466609954834,0.20656293630599976,6.6200001096506735,1.3652147054672241,True,,7214.823757264762,4809882.5048431745,True,True
2025-04-25,SZ000736,buy,7128496.476700851,7128496.476700851,0.7216565012931824,0.1817774623632431,3.969999866381165,0.7438364624977112,True,,2572.162913428357,5144325.826856714,True,True
2025-04-25,SZ002837,buy,509041.7715741939,509041.7715741939,10.101823806762695,0.32904961705207825,30.70000171179015,9.996527671813965,True,,2571.1251433624248,5142250.28672485,True,True
2025-04-28,SZ300570,sell,1118454.5410911709,1118454.5410911709,4.998778343200684,0.0684857964515686,72.99000087902448,5.005733489990234,True,,8386.359506791507,5590906.337861004,True,True
2025-04-28,SZ300379,buy,2712239.0108372294,2712239.0108372294,1.071969747543335,0.20654521882534027,5.190000299400873,1.3405934572219849,True,,1453.7190838621848,2907438.1677243696,True,True
2025-04-28,SZ300229,buy,506717.70098700275,506717.70098700275,5.736922264099121,0.318717896938324,18.0000003740276,5.769002437591553,True,,1453.5000302027288,2907000.0604054574,True,True
2025-04-29,SZ300913,sell,2241927.668208306,2241927.668208306,2.32983660697937,0.0507589690387249,45.899998583538945,2.3417420387268066,True,,7834.987727387417,5223325.151591611,True,True
2025-04-29,SZ002581,buy,6467023.141198618,6467023.141198618,0.8107476830482483,0.1348997801542282,6.010000032033683,0.9014018774032593,True,,2621.5620139730922,5243124.027946184,True,True
2025-04-30,SZ002581,sell,6467023.141198618,6467023.141198618,0.7674947381019592,0.13488483428955078,5.690000229784285,0.8107476830482483,True,,7445.109348080316,4963406.232053543,True,True
2025-04-30,SZ002851,buy,920824.5086221813,920824.5086221813,5.392232418060303,0.13314154744148254,40.49999809736521,5.728881359100342,True,,2482.6498833684877,4965299.766736975,True,True
2025-05-06,SZ002214,sell,3582662.7529352247,3582662.7529352247,1.631713628768921,0.2019447684288025,8.079999504142624,1.6137795448303223,True,,8768.819461870782,5845879.641247188,True,True
2025-05-06,SZ300366,sell,3769413.2808683217,3769413.2808683217,1.718628168106079,0.23287644982337952,7.379999864346688,1.6671779155731201,True,,9717.329762600173,6478219.841733449,True,True
2025-05-07,SH603398,sell,2728599.314346375,2728599.314346375,1.0521868467330933,0.15587954223155975,6.749999593725167,1.1083499193191528,True,,4306.494462840289,2870996.3085601926,True,True
2025-05-07,SZ300379,sell,2712239.0108372294,2712239.0108372294,0.9171164631843567,0.2065577656030655,4.439999922088361,0.9109848737716675,True,,3731.1585733945167,2487439.048929678,True,True
2025-05-07,SH600020,buy,2094109.2680622458,2094109.2680622458,2.7093331813812256,0.5889855027198792,4.59999977736257,2.696850299835205,True,,2836.819862699497,5673639.725398994,True,True
2025-05-07,SH601515,buy,5200594.464710017,5200594.464710017,1.0909976959228516,0.270719051361084,4.029999700566633,1.0801502466201782,True,,2836.918289213882,5673836.578427764,True,True
2025-05-07,SZ000089,buy,2711642.047406295,2711642.047406295,2.092385768890381,0.30280545353889465,6.9100002804989735,2.0833332538604736,True,,2836.9006151588537,5673801.230317707,True,True
2025-05-08,SH603920,sell,2651648.2081038994,2651648.2081038994,1.9955990314483643,0.07432398945093155,26.849998852199022,2.00368332862854,True,,7937.439893750899,5291626.595833932,True,True
2025-05-08,SH688408,sell,6102350.397957679,6102350.397957679,0.9317267537117004,0.019386740401387215,48.060000516901276,0.9253213405609131,True,,8528.584689450618,5685723.126300411,True,True
2025-05-08,SZ000690,buy,835046.8127765233,835046.8127765233,6.739857196807861,1.5601520538330078,4.320000207831837,6.771241664886475,True,,2814.0481353816585,5628096.270763317,True,True
2025-05-08,SZ002539,buy,2931587.761346265,2931587.761346265,1.919594645500183,0.2253045290708542,8.520000256614928,1.919594645500183,True,,2813.7300847470797,5627460.1694941595,True,True
2025-05-09,SZ002130,sell,789586.5335009304,789586.5335009304,8.387290954589844,0.399585098028183,20.989999366788908,8.475048065185547,True,,9933.737985447457,6622491.990298305,True,True
2025-05-09,SZ300624,sell,1038428.3849556986,1038428.3849556986,6.192444801330566,0.09542987495660782,64.89000225711587,6.16030216217041,True,,9645.615680959518,6430410.453973012,True,True
2025-05-09,SH600475,buy,1187969.7231781792,1187969.7231781792,5.445773124694824,0.5678595900535583,9.58999939435944,5.4175944328308105,True,,3234.706795717439,6469413.591434878,True,True
2025-05-09,SZ002588,buy,2410210.164636196,2410210.164636196,2.684070110321045,0.32067742943763733,8.370000080853899,2.684159755706787,True,,3234.586531245989,6469173.0624919785,True,True
2025-05-12,SH603083,sell,1695843.2599441013,1695843.2599441013,4.231005668640137,0.10319525748491287,41.000001082983,4.023534774780273,True,,10762.683668922991,7175122.445948661,True,True
2025-05-12,SZ002484,sell,1562970.991425194,1562970.991425194,3.8937056064605713,0.20428676903247833,19.059998965677185,3.832430124282837,True,,9128.623368071274,6085748.912047516,True,True
2025-05-12,SZ002081,buy,1167477.0653098063,1167477.0653098063,5.661867141723633,1.594892144203186,3.5500000186861054,5.661794185638428,True,,3305.050017396764,6610100.034793528,True,True
2025-05-12,SH603323,buy,6827254.791999833,6827254.791999833,0.9681684970855713,0.18029208481311798,5.3700000090915125,0.9705284833908081,True,,3304.966505595371,6609933.011190742,True,True
2025-05-13,SZ002267,sell,3680018.5917328857,3680018.5917328857,1.801777958869934,0.1912715584039688,9.419999365846898,1.7831250429153442,True,,9945.864580223832,6630576.386815888,True,True
2025-05-13,SZ301536,sell,4613155.320431166,4613155.320431166,1.2424236536026,0.020853031426668167,59.580001975813964,1.2268191576004028,True,,8597.239931769545,5731493.287846363,True,True
2025-05-13,SZ002839,buy,5949289.934676124,5949289.934676124,1.0405514240264893,0.2381124496459961,4.3700000801028525,1.0349761247634888,True,,3095.27105673685,6190542.113473699,True,True
2025-05-13,SH601718,buy,12182718.969209097,12182718.969209097,0.508175253868103,0.18412145972251892,2.7600001359643294,0.5056726336479187,True,,3095.478152490794,6190956.304981587,True,True
2025-05-14,SH601963,sell,7008030.311820584,7008030.311820584,0.9043791890144348,0.07877867668867111,11.47999975410212,0.9134615659713745,True,,9506.875154989315,6337916.769992877,True,True
2025-05-14,SH688503,sell,11139567.358577024,11139567.358577024,0.5325604677200317,0.014900964684784412,35.73999932124105,0.5349540114402771,True,,8898.739804023868,5932493.202682579,True,True
2025-05-14,SZ000968,buy,4866633.117920471,4866633.117920471,1.2588005065917969,0.18986432254314423,6.630000253500763,1.2567307949066162,True,,3063.060117117353,6126120.234234706,True,True
2025-05-14,SZ300492,buy,352447.03595056577,352447.03595056577,17.35954475402832,0.17704787850379944,98.05000150654607,17.40442657470703,True,,3059.160047004237,6118320.094008475,True,True
2025-05-15,SH601515,sell,5200594.464710017,5200594.464710017,1.1207767724990845,0.270719051361084,4.139999630111724,1.101440191268921,True,,8743.058218851445,5828705.479234297,True,True
2025-05-15,SZ002837,sell,509041.7715741939,509041.7715741939,11.26029109954834,0.3290558457374573,34.220000177515615,11.335648536682129,True,,8597.937794632822,5731958.529755215,True,True
2025-05-15,SH601208,buy,4418450.8104030825,4418450.8104030825,1.3103307485580444,0.13425520062446594,9.75999992896556,1.3143107891082764,True,,2894.8159789311844,5789631.957862369,True,True
2025-05-15,SH600269,buy,1415014.259786543,1415014.259786543,4.092047214508057,0.7648686170578003,5.350000148063109,4.0842695236206055,True,,2895.152580124351,5790305.160248702,True,True
2025-05-16,SZ000736,sell,7128496.476700851,7128496.476700851,0.7998993396759033,0.18179529905319214,4.400000131146724,0.8093806505203247,True,,8553.11943689252,5702079.624595013,True,True
2025-05-16,SZ300229,sell,506717.70098700275,506717.70098700275,5.931297302246094,0.3187156021595001,18.609999830751292,5.972683906555176,True,,4508.2399992968285,3005493.3328645523,True,True
2025-05-16,SH600057,buy,2209665.610449751,2209665.610449751,1.998771071434021,0.28800737857818604,6.939999528141985,2.007417678833008,True,,2208.3078498547793,4416615.699709559,True,True
2025-05-16,SH601528,buy,6570160.693327828,6570160.693327828,0.6722978353500366,0.12473058700561523,5.389999770623788,0.6740804314613342,True,,2208.552406013098,4417104.812026195,True,True
2025-05-19,SZ002851,sell,920824.5086221814,920824.5086221814,6.186995983123779,0.13313958048820496,46.469997580260475,6.232306003570557,True,,8545.706304011046,5697137.536007364,True,True
2025-05-19,SZ300757,sell,684518.6606612086,684518.6606612086,8.794057846069336,0.05945948511362076,147.89999996240846,8.45861530303955,True,,9029.545047852862,6019696.698568574,True,True
2025-05-19,SZ002936,buy,13803939.09286464,13803939.09286464,0.41843998432159424,0.21348978579044342,1.9600000195434415,0.41754916310310364,True,,2888.060028797261,5776120.057594522,True,True
2025-05-19,SZ002511,buy,4921950.199094164,4921950.199094164,1.1734853982925415,0.1678806096315384,6.989999624543228,1.1700527667999268,True,,2887.918344880035,5775836.689760069,True,True
2025-05-20,SH603283,sell,1088989.872980907,1088989.872980907,4.820342063903809,0.10955323278903961,43.99999836778952,4.851106643676758,True,,7873.9555378426985,5249303.691895132,True,True
2025-05-20,SZ002539,sell,2931587.761346265,2931587.761346265,1.928480625152588,0.22528979182243347,8.560000031748253,1.9287161827087402,True,,8480.265298036082,5653510.198690721,True,True
2025-05-20,SZ000650,buy,767537.7114228205,767537.7114228205,7.109842300415039,1.2880148887634277,5.520000088850617,7.097244739532471,True,,2728.5360439188603,5457072.08783772,True,True
2025-05-20,SH603398,buy,6556079.771494082,6556079.771494082,0.8323489427566528,0.15587058663368225,5.340000065007708,0.8180914521217346,True,,2728.4730332156887,5456946.066431377,True,True
2025-05-21,SZ000089,sell,2711642.047406295,2711642.047406295,2.1378040313720703,0.302805095911026,7.060000179125872,2.1407034397125244,True,,8695.438950874788,5796959.300583192,True,True
2025-05-21,SZ002511,sell,4921950.199094164,4921950.199094164,1.2069865465164185,0.1678701639175415,7.190000404772912,1.212108850479126,True,,8911.091509395696,5940727.672930463,True,True
2025-05-21,SH600323,buy,799525.9792044646,799525.9792044646,7.30038595199585,0.2934238612651825,24.880000966922417,7.2648606300354,True,,2918.4241134199992,5836848.226839999,True,True
2025-05-21,SH601963,buy,6528307.05457858,6528307.05457858,0.8941529393196106,0.07877999544143677,11.34999988651057,0.8942307829856873,True,,2918.6524708161937,5837304.941632387,True,True
2025-05-22,SH601208,sell,4418450.8104030825,4418450.8104030825,1.2860779762268066,0.13424614071846008,9.579999613724159,1.2941176891326904,True,,8523.708414451336,5682472.27630089,True,True
2025-05-22,SH603398,sell,6556079.771494082,6556079.771494082,0.8757972717285156,0.155835822224617,5.619999684451038,0.8682902455329895,True,,8612.695165663541,5741796.777109027,True,True
2025-05-22,SZ000030,buy,1794241.392997856,1794241.392997856,3.181036949157715,0.49859511852264404,6.380000186490486,3.1956522464752197,True,,2853.774083417194,5707548.166834388,True,True
2025-05-22,SZ000089,buy,2658595.0527347596,2658595.0527347596,2.146791696548462,0.3027915060520172,7.089999731299133,2.149916172027588,True,,2853.7248918479013,5707449.783695802,True,True
2025-05-23,SH600475,sell,1187969.7231781792,1187969.7231781792,5.939392566680908,0.5678195357322693,10.460000392591937,5.9621381759643555,True,,10583.727814929682,7055818.543286454,True,True
2025-05-23,SH601718,sell,12182718.969209097,12182718.969209097,0.4980163872241974,0.18445052206516266,2.6999998788198507,0.49756887555122375,True,,9100.79053141982,6067193.6876132125,True,True
2025-05-23,SH605090,buy,6918711.822172667,6918711.822172667,0.9404299259185791,0.03493424877524376,26.919998536937683,0.9403019547462463,True,,3253.281823188919,6506563.646377838,True,True
2025-05-23,SZ002511,buy,5428452.717967399,5428452.717967399,1.1986255645751953,0.16787472367286682,7.1400002236842175,1.2003250122070312,True,,3253.341101921714,6506682.203843428,True,True
2025-05-26,SZ000030,sell,1794241.3929978558,1794241.3929978558,3.0809178352355957,0.49853038787841797,6.180000076518851,3.0809178352355957,True,,8291.86546260758,5527910.308405054,True,True
2025-05-26,SZ002936,sell,13803939.09286464,13803939.09286464,0.41513949632644653,0.2128920555114746,1.9499999440048201,0.41603630781173706,True,,8595.840483499158,5730560.3223327715,True,True
2025-05-26,SZ002317,buy,3217661.653135578,3217661.653135578,1.7597695589065552,0.12471789866685867,14.110000069895175,1.7260228395462036,True,,2831.171514024467,5662343.0280489335,True,True
2025-05-26,SH603997,buy,2753660.798130554,2753660.798130554,2.056102752685547,0.14834797382354736,13.859998891061231,2.076655149459839,True,,2830.904773499256,5661809.546998512,True,True
2025-05-27,SH601963,sell,6528307.054578581,6528307.054578581,0.8819049000740051,0.07874150574207306,11.200000454179616,0.8839743733406067,True,,8636.01897093082,5757345.980620546,True,True
2025-05-27,SZ002317,sell,3217661.653135578,3217661.653135578,1.6799437999725342,0.12471742928028107,13.470000221036853,1.6575008630752563,True,,8108.236116891734,5405490.744594489,True,True
2025-05-27,SH601107,buy,6803388.466774058,6803388.466774058,0.8194409608840942,0.1332424283027649,6.150000201302922,0.8183486461639404,True,,2787.487591240549,5574975.182481098,True,True
2025-05-27,SZ002275,buy,6867736.181002576,6867736.181002576,0.8117060661315918,0.05712217092514038,14.210000302603117,0.8116143345832825,True,,2787.2915593556013,5574583.118711202,True,True
2025-05-28,SZ002948,sell,5789783.123302603,5789783.123302603,1.0484105348587036,0.21180011332035065,4.949999876879046,1.0491551160812378,True,,9105.104431526368,6070069.621017578,True,True
2025-05-28,SZ300492,sell,352447.03595056577,352447.03595056577,16.031705856323242,0.17704811692237854,90.5499936119166,16.09557342529297,True,,8475.490815438681,5650327.210292454,True,True
2025-05-28,SH603699,buy,3639574.749131548,3639574.749131548,1.6030584573745728,0.0532754547894001,30.090000427242224,1.602999210357666,True,,2917.2255414211336,5834451.082842267,True,True
2025-05-28,SZ000029,buy,1128817.193677228,1128817.193677228,5.168985366821289,0.2903924584388733,17.799998645313803,5.200253486633301,True,,2917.419777966932,5834839.555933864,True,True
2025-05-29,SH603699,sell,3639574.749131548,3639574.749131548,1.656925082206726,0.053277332335710526,31.100000874032663,1.6621941328048706,True,,9045.754035603473,6030502.690402315,True,True
2025-05-29,SZ000690,sell,835046.8127765233,835046.8127765233,6.930154323577881,1.6154205799102783,4.290000022138376,6.84934663772583,True,,8680.504919929728,5787003.279953152,True,True
2025-05-29,SZ002516,buy,2811383.0088157654,2811383.0088157654,2.0965898036956787,0.4055299460887909,5.169999956641007,2.096343994140625,True,,2947.158475283206,5894316.950566412,True,True
2025-05-29,SH600908,buy,4951232.818687817,4951232.818687817,1.1905689239501953,0.1977689266204834,6.019999927667531,1.1909937858581543,True,,2947.3919645860233,5894783.9291720465,True,True
2025-05-30,SH601107,sell,6803388.466774057,6803388.466774057,0.8567055463790894,0.13323570787906647,6.429999585071383,0.8568807244300842,True,,8742.750950485295,5828500.633656863,True,True
2025-05-30,SZ000029,sell,1128817.193677228,1128817.193677228,5.229187488555908,0.2903491258621216,18.00999907621247,5.281368732452393,True,,8854.195119065627,5902796.746043752,True,True
2025-05-30,SH601033,buy,7507488.789964972,7507488.789964972,0.7800191640853882,0.0484183207154274,16.110000358538926,0.7762269377708435,True,,2927.9925651644503,5855985.1303289,True,True
2025-05-30,SZ002807,buy,5327558.571776032,5327558.571776032,1.0991495847702026,0.2437138855457306,4.509999839807887,1.10029935836792,True,,2927.8918960032797,5855783.79200656,True,True
2025-06-03,SH601033,sell,7507488.789964972,7507488.789964972,0.8114042282104492,0.04841314256191254,16.759999150495037,0.815848708152771,True,,9137.412221130193,6091608.147420128,True,True
2025-06-03,SZ002511,sell,5428452.717967399,5428452.717967399,1.2002739906311035,0.16787047684192657,7.1500004837737405,1.2086549997329712,True,,9773.445910120487,6515630.606746991,True,True
2025-06-03,SH601187,buy,7479223.4404875515,7479223.4404875515,0.8382461667060852,0.12975946068763733,6.460000390445119,0.8405951261520386,True,,3134.7151894634944,6269430.378926989,True,True
2025-06-03,SH603393,buy,2860563.3662563646,2860563.3662563646,2.191760540008545,0.07379665225744247,29.699999565867888,2.191977024078369,True,,3134.8349541773555,6269669.908354711,True,True
2025-06-04,SZ000089,sell,2658595.0527347596,2658595.0527347596,2.1680846214294434,0.302805095911026,7.160000444862055,2.1679229736328125,True,,8646.088572663948,5764059.048442632,True,True
2025-06-04,SZ002275,sell,6867736.181002576,6867736.181002576,0.8636012673377991,0.05854924023151398,14.749999554613655,0.8588497042655945,True,,8896.47850448322,5930985.66965548,True,True
2025-06-04,SZ002461,buy,3595176.0422612475,3595176.0422612475,1.6292721033096313,0.1380739063024521,11.800000064752979,1.6293532848358154,True,,2928.7600160716893,5857520.032143379,True,True
2025-06-04,SH600064,buy,1009161.258818666,1009161.258818666,5.804319381713867,0.761721670627594,7.620000330214579,5.789072036743164,True,,2928.7471269179737,5857494.253835947,True,True
2025-06-05,SH601528,sell,6570160.693327829,6570160.693327829,0.7365490794181824,0.12462759017944336,5.910000172174332,0.7356715202331543,True,,7258.8687154502095,4839245.81030014,True,True
2025-06-05,SZ000968,sell,4866633.117920471,4866633.117920471,1.260527491569519,0.1898384839296341,6.6399997802171065,1.2586538791656494,True,,9201.787254782159,6134524.836521439,True,True
2025-06-05,SH601827,buy,5584426.259733472,5584426.259733472,0.9839575290679932,0.11258094757795334,8.740000419579706,0.982741117477417,True,,2747.419131894881,5494838.263789762,True,True
2025-06-05,SZ002332,buy,4066423.7464532685,4066423.7464532685,1.3510854244232178,0.14162321388721466,9.539999745375006,1.3494757413864136,True,,2747.042926680733,5494085.853361466,True,True
2025-06-06,SH600057,sell,2209665.610449751,2209665.610449751,1.9266870021820068,0.2879950702190399,6.689999938945586,1.9267500638961792,True,,6386.001016233156,4257334.010822104,True,True
2025-06-06,SH603997,sell,2753660.798130554,2753660.798130554,2.007106304168701,0.14834488928318024,13.529999677557294,2.0043554306030273,True,,8290.334921205078,5526889.947470052,True,True
2025-06-06,SH603132,buy,5797278.617243512,5797278.617243512,0.847384512424469,0.07224079221487045,11.730000273308722,0.8469453454017639,True,,2456.2620572308465,4912524.114461693,True,True
2025-06-06,SH601528,buy,6732823.3945383495,6732823.3945383495,0.729683518409729,0.12473221868276596,5.850000313596187,0.7228400111198425,True,,2456.415131679039,4912830.263358078,True,True
2025-06-09,SH603132,sell,5797278.617243512,5797278.617243512,0.869287371635437,0.07225996255874634,12.030000305199696,0.8726688027381897,True,,7559.2516377329,5039501.091821933,True,True
2025-06-09,SZ000650,sell,767537.7114228205,767537.7114228205,7.302883625030518,1.2879865169525146,5.670000057383954,7.27714729309082,True,,8407.85787651467,5605238.584343114,True,True
2025-06-09,SZ002327,buy,1933668.5189256002,1933668.5189256002,2.7366273403167725,0.3234784007072449,8.460000217428677,2.720374584197998,True,,2645.865068000819,5291730.136001638,True,True
2025-06-09,SZ002060,buy,2422331.2395434547,2422331.2395434547,2.1848044395446777,0.6206830739974976,3.5200000307298316,2.1853933334350586,True,,2646.160023101151,5292320.046202302,True,True
2025-06-10,SZ002327,sell,1933668.5189256002,1933668.5189256002,2.7742972373962402,0.3480924963951111,7.97000011815022,2.8369057178497314,True,,8046.856845143059,5364571.230095373,True,True
2025-06-10,SZ002461,sell,3595176.0422612475,3595176.0422612475,1.6070148944854736,0.13805970549583435,11.639999438749793,1.6113183498382568,True,,8666.252172316743,5777501.448211161,True,True
2025-06-10,SH688739,buy,15279260.419026785,15279260.419026785,0.36296260356903076,0.013960099779069424,26.000000667131747,0.3622500002384186,True,,2772.9000711496005,5545800.142299201,True,True
2025-06-10,SH605589,buy,6372248.629012911,6372248.629012911,0.8701255321502686,0.031009461730718613,28.060001160494323,0.874168336391449,True,,2772.3281146568393,5544656.229313678,True,True
2025-06-11,SH600064,sell,1009161.258818666,1009161.258818666,5.903336524963379,0.7617208361625671,7.7500000586874895,5.8882598876953125,True,,8936.127778143378,5957418.518762252,True,True
2025-06-11,SH605589,sell,6372248.629012911,6372248.629012911,0.857929527759552,0.03100576624274254,27.669999220237493,0.857101559638977,True,,8200.410385583247,5466940.257055499,True,True
2025-06-11,SZ000650,buy,771553.1519838533,771553.1519838533,7.380533218383789,1.2880512475967407,5.7299996658940895,7.367369174957275,True,,2847.2368339827726,5694473.667965545,True,True
2025-06-11,SZ002349,buy,2259885.557850147,2259885.557850147,2.519906520843506,0.32514920830726624,7.75000048120121,2.526629686355591,True,,2847.350176793325,5694700.3535866495,True,True
2025-06-12,SZ002332,sell,4066423.746453269,4066423.746453269,1.3494669198989868,0.14160197973251343,9.530000374628475,1.3494757413864136,True,,8231.256492195587,5487504.328130391,True,True
2025-06-12,SZ002349,sell,2259885.557850147,2259885.557850147,2.5006139278411865,0.3251773416996002,7.690000523318322,2.5003974437713623,True,,8476.65195193084,5651101.301287227,True,True
2025-06-12,SZ300770,buy,3079486.263354458,3079486.263354458,1.8066552877426147,0.0425395630300045,42.47000107801586,1.818164348602295,True,,2781.785070610039,5563570.141220078,True,True
2025-06-12,SZ002174,buy,2236830.086918692,2236830.086918692,2.4877614974975586,0.18427863717079163,13.499999433965163,2.504117727279663,True,,2782.34988334022,5564699.76668044,True,True
2025-06-13,SH605090,sell,6918711.822172667,6918711.822172667,0.9498364925384521,0.036005932837724686,26.379999563385148,0.9533101320266724,True,,9857.467455085212,6571644.970056809,True,True
2025-06-13,SZ002588,sell,2410210.164636196,2410210.164636196,3.100335121154785,0.33017411828041077,9.390000455825335,3.097231149673462,True,,11208.688834178784,7472459.222785856,True,True
2025-06-13,SH603699,buy,3866994.477590711,3866994.477590711,1.793646216392517,0.0532713457942009,33.67000006573464,1.8003157377243042,True,,3468.0100067706685,6936020.013541337,True,True
2025-06-13,SZ000758,buy,1738480.0840925577,1738480.0840925577,3.9904391765594482,0.7778633832931519,5.130000026052877,3.9981541633605957,True,,3468.649517615653,6937299.035231306,True,True
2025-06-16,SH601827,sell,5584426.259733472,5584426.259733472,0.9533880352973938,0.11256057024002075,8.470000047658056,0.9543147087097168,True,,7986.187770045702,5324125.180030468,True,True
2025-06-16,SZ300770,sell,3079486.263354458,3079486.263354458,1.7448569536209106,0.04253673925995827,41.01999786484392,1.7450076341629028,True,,8059.894530291152,5373263.020194101,True,True
2025-06-16,SH603132,buy,6139630.265226467,6139630.265226467,0.8823947310447693,0.07226819545030594,12.210000893844565,0.891961395740509,True,,2708.788698299417,5417577.396598834,True,True
2025-06-16,SZ002545,buy,4324441.525812725,4324441.525812725,1.2526898384094238,0.14300112426280975,8.75999992914189,1.242652416229248,True,,2708.5919780906725,5417183.956181345,True,True
2025-06-17,SZ000758,sell,1738480.0840925577,1738480.0840925577,3.936251640319824,0.777915358543396,5.059999904989972,3.9284725189208984,True,,10264.642624009015,6843095.082672676,True,True
2025-06-17,SZ002174,sell,2236830.086918692,2236830.086918692,2.434138298034668,0.18426482379436493,13.209999868184864,2.434117555618286,True,,8167.130671147505,5444753.7807650035,True,True
2025-06-17,SH601107,buy,6933680.597160577,6933680.597160577,0.8792603015899658,0.1395651251077652,6.300000096091663,0.8761467933654785,True,,3048.255046493952,6096510.092987903,True,True
2025-06-17,SH601369,buy,5458786.313317456,5458786.313317456,1.1168354749679565,0.12605366110801697,8.860000297896356,1.1131292581558228,True,,3048.283102491241,6096566.204982482,True,True
2025-06-18,SH688739,sell,15279260.419026785,15279260.419026785,0.3585934638977051,0.013963919132947922,25.680001472624,0.35837501287460327,True,,8218.564379180872,5479042.919453915,True,True
2025-06-18,SZ002545,sell,4324441.525812725,4324441.525812725,1.2754290103912354,0.14298531413078308,8.920000058360191,1.2698566913604736,True,,8273.277263643131,5515518.175762087,True,True
2025-06-18,SH600328,buy,2705200.2015638337,2705200.2015638337,2.0392420291900635,0.27820491790771484,7.329999931440873,2.0392038822174072,True,,2758.2789742012005,5516557.948402401,True,True
2025-06-18,SH601860,buy,6753467.173408013,6753467.173408013,0.8168913722038269,0.27320781350135803,2.9900000359973835,0.8163716793060303,True,,2758.424533209386,5516849.066418772,True,True
2025-06-19,SH600328,sell,2705200.2015638337,2705200.2015638337,2.0309343338012695,0.27821019291877747,7.299999732195988,2.025331735610962,True,,8241.125953743158,5494083.969162105,True,True
2025-06-19,SZ000650,sell,771553.1519838533,771553.1519838533,7.160176753997803,1.3235076665878296,5.41000020986478,7.146947383880615,True,,8286.68541496278,5524456.94330852,True,True
2025-06-19,SH603612,buy,2230354.8915203796,2230354.8915203796,2.4650075435638428,0.13997772336006165,17.609998822620923,2.465198278427124,True,,2748.920816211126,5497841.632422252,True,True
2025-06-19,SH688027,buy,7216611.250528632,7216611.250528632,0.7594519853591919,0.002702099271118641,281.0599867579205,0.762802004814148,True,,2740.334870889725,5480669.74177945,True,True
2025-06-20,SH603393,sell,2860563.3662563646,2860563.3662563646,2.1993136405944824,0.07380247116088867,29.8,2.2250585556030273,True,,9436.91404678874,6291276.031192493,True,True
2025-06-20,SH603612,sell,2230354.8915203796,2230354.8915203796,2.4150381088256836,0.14000220596790314,17.250000399131956,2.4132158756256104,True,,8079.588088841235,5386392.05922749,True,True
2025-06-20,SH600012,buy,480888.0671560405,480888.0671560405,12.10290813446045,0.6679309010505676,18.12000031054734,12.094688415527344,True,,2910.072049873903,5820144.099747806,True,True
2025-06-20,SH600502,buy,903600.0915567935,903600.0915567935,6.441266059875488,1.3447320461273193,4.789999671998319,6.441402912139893,True,,2910.164300722579,5820328.601445158,True,True
2025-06-23,SH601187,sell,7479223.440487552,7479223.440487552,0.8793545365333557,0.12969830632209778,6.78000015165605,0.8777895569801331,True,,9865.333593209012,6576889.062139342,True,True
2025-06-23,SH688027,sell,7216611.250528633,7216611.250528633,0.7187545895576477,0.002702085068449378,265.9999856962731,0.7225266695022583,True,,7780.458686056216,5186972.45737081,True,True
2025-06-23,SH601963,buy,6533113.57582706,6533113.57582706,0.8980603218078613,0.08054352551698685,11.150000152631238,0.8993589878082275,True,,2933.5650401572784,5867130.080314557,True,True
2025-06-23,SZ000498,buy,3336818.101827597,3336818.101827597,1.7585196495056152,0.30319303274154663,5.800000196589758,1.7622790336608887,True,,2933.930099444929,5867860.198889858,True,True
2025-06-24,SH603132,sell,6139630.265226467,6139630.265226467,0.8851109147071838,0.07225394994020462,12.250000386687194,0.8643086552619934,True,,8151.380640027762,5434253.760018508,True,True
2025-06-24,SZ002839,sell,5949289.934676124,5949289.934676124,1.1614749431610107,0.24924355745315552,4.659999861297543,1.1637519598007202,True,,10364.926783089488,6909951.188726325,True,True
2025-06-24,SH605365,buy,9365471.928755546,9365471.928755546,0.6560664772987366,0.04426899179816246,14.820000425805246,0.6534369587898254,True,,3072.1860882694273,6144372.176538855,True,True
2025-06-24,SZ002270,buy,1722029.3323508222,1722029.3323508222,3.5683865547180176,0.20638440549373627,17.290000890238375,3.5729334354400635,True,,3072.4331581953593,6144866.316390718,True,True
2025-06-25,SH603323,sell,6827254.791999833,6827254.791999833,1.172701120376587,0.2043033391237259,5.739999773896991,1.1788617372512817,True,,12009.494015511938,8006329.343674625,True,True
2025-06-25,SH603699,sell,3866994.477590711,3866994.477590711,1.7567851543426514,0.055192746222019196,31.830000762704945,1.7458564043045044,True,,10190.217735234566,6793478.490156378,True,True
2025-06-25,SH601200,buy,16280568.444117263,16280568.444117263,0.44986698031425476,0.056945186108350754,7.900000176630976,0.4493001103401184,True,,3662.045081877289,7324090.163754578,True,True
2025-06-25,SH600114,buy,763876.9771575482,763876.9771575482,9.587918281555176,0.47324374318122864,20.26000009446186,9.583218574523926,True,,3661.995017073981,7323990.034147962,True,True
2025-06-26,SH605365,sell,9365471.928755546,9365471.928755546,0.6511082649230957,0.04426296800374985,14.71000012624403,0.6509820222854614,True,,9146.904266576972,6097936.177717982,True,True
2025-06-26,SZ002270,sell,1722029.3323508222,1722029.3323508222,3.5272104740142822,0.20639030635356903,17.090000670728145,3.5267422199249268,True,,9110.939846441463,6073959.897627641,True,True
2025-06-26,SH603323,buy,5205859.458678788,5205859.458678788,1.1787477731704712,0.2042890340089798,5.77000022976592,1.1849592924118042,True,,3068.197622178028,6136395.244356056,True,True
2025-06-26,SH603301,buy,3482049.464825966,3482049.464825966,1.7621461153030396,0.08351403474807739,21.099999785887565,1.7603363990783691,True,,3067.939968868052,6135879.937736103,True,True
2025-06-27,SH601528,sell,6732823.3945383495,6732823.3945383495,0.7493133544921875,0.12467775493860245,6.010000379467747,0.7519246935844421,True,,7567.491724447511,5044994.482965007,True,True
2025-06-27,SH601963,sell,6533113.57582706,6533113.57582706,0.9211626052856445,0.08052120357751846,11.44000045154359,0.9269230961799622,True,,9027.089883203802,6018059.922135868,True,True
2025-06-27,SZ002221,buy,2291073.2268894305,2291073.2268894305,2.4228668212890625,0.24900993704795837,9.730000537377862,2.415062189102173,True,,2775.482653287035,5550965.30657407,True,True
2025-06-27,SH688066,buy,9902757.448270598,9902757.448270598,0.560495913028717,0.029577620327472687,18.95000026449422,0.5647059082984924,True,,2775.2275387351788,5550455.0774703575,True,True
2025-06-30,SH600012,sell,480888.0671560405,480888.0671560405,11.372882843017578,0.6678146123886108,17.02999999107467,11.420323371887207,True,,8203.625472556227,5469083.648370818,True,True
2025-06-30,SH601860,sell,6753467.173408013,6753467.173408013,0.8344764113426208,0.2735988199710846,3.0500000381244803,0.8340708017349243,True,,8453.413576478568,5635609.050985712,True,True
2025-06-30,SZ300236,buy,888825.720578976,888825.720578976,6.234385013580322,0.16414916515350342,37.979998300632616,6.170253276824951,True,,2770.6408760311497,5541281.752062299,True,True
2025-06-30,SZ002643,buy,1980660.606461887,1980660.606461887,2.7982096672058105,0.24395900964736938,11.469999289021887,2.7784860134124756,True,,2771.151828227688,5542303.656455376,True,True
2025-07-01,SZ000049,buy,28892.565925870436,28892.565925870436,9.457104682922363,0.41533175110816956,22.7700017099327,9.452738761901855,True,,136.6200102595962,273240.0205191924,True,True
2025-07-01,SH603327,buy,131643.22967083598,131643.22967083598,2.084634304046631,0.22560977935791016,9.239999746374208,2.087099313735962,True,,137.21399623365699,274427.99246731395,True,True
2026-06-30,SH603301,sell,3482049.464825966,3482049.464825966,7.574924468994141,0.08379340916872025,90.40000334324421,,True,,39564.39254003724,26376261.69335816,True,True
2026-07-01,SZ000603,buy,4093127.4878697316,4093127.4878697316,6.119483470916748,0.2523498237133026,24.25000097431873,5.829651355743408,True,,12523.913003186908,25047826.006373815,True,True
